Order_ID,Order_Date,Category,Box_Size,Qty,Unit_Price_THB,Custom_Logo_Fee,Total_Sales_THB,Factory_Cost_THB,Logistics_Partner,AI_Batch_ID
ORD-0001,2023-07-11,Skincare/Cosmetics,L,100,5.0,100,600.0,400.0,Flash,BATCH-016
ORD-0002,2023-05-09,Organic/Eco-friendly,S,50,2.5,0,125.0,100.0,Flash,BATCH-021
ORD-0003,2023-06-06,Organic/Eco-friendly,M,200,3.5,50,750.0,560.0,J&T,BATCH-039
ORD-0004,2023-08-14,Organic/Eco-friendly,M,200,3.5,50,750.0,560.0,ไปรษณีย์ไทย,BATCH-033
ORD-0005,2023-03-04,เสื้อผ้าแฟชั่น,S,200,2.5,40,540.0,400.0,ไปรษณีย์ไทย,BATCH-041
ORD-0006,2023-02-02,เสื้อผ้าแฟชั่น,M,200,3.5,50,750.0,560.0,ไปรษณีย์ไทย,BATCH-018
ORD-0007,2023-03-27,Skincare/Cosmetics,L,50,5.0,0,250.0,200.0,J&T,BATCH-029
ORD-0008,2023-06-24,เสื้อผ้าแฟชั่น,M,150,3.5,50,575.0,420.0,ไปรษณีย์ไทย,BATCH-003
ORD-0009,2023-06-05,เสื้อผ้าแฟชั่น,M,80,3.5,0,280.0,224.0,Flash,BATCH-025
ORD-0010,2023-07-20,เสื้อผ้าแฟชั่น,M,50,3.5,0,175.0,140.0,Flash,BATCH-041
ORD-0011,2023-05-14,Organic/Eco-friendly,M,50,3.5,0,175.0,140.0,Flash,BATCH-047
ORD-0012,2023-03-01,Organic/Eco-friendly,S,300,2.5,100,850.0,600.0,Flash,BATCH-043
ORD-0013,2023-05-31,เสื้อผ้าแฟชั่น,M,50,3.5,0,175.0,140.0,ไปรษณีย์ไทย,BATCH-040
ORD-0014,2023-05-05,Organic/Eco-friendly,S,200,2.5,40,540.0,400.0,J&T,BATCH-014
ORD-0015,2023-05-19,เสื้อผ้าแฟชั่น,S,150,2.5,100,475.0,300.0,Flash,BATCH-025
ORD-0016,2023-06-16,เสื้อผ้าแฟชั่น,L,500,5.0,40,2540.0,2000.0,Flash,BATCH-027
ORD-0017,2023-10-20,Skincare/Cosmetics,L,500,5.0,40,2540.0,2000.0,J&T,BATCH-037
ORD-0018,2023-10-25,เสื้อผ้าแฟชั่น,S,500,2.5,40,1290.0,1000.0,J&T,BATCH-036
ORD-0019,2023-08-05,เสื้อผ้าแฟชั่น,M,500,3.5,0,1750.0,1400.0,Flash,BATCH-029
ORD-0020,2023-07-26,เสื้อผ้าแฟชั่น,M,150,3.5,0,525.0,420.0,J&T,BATCH-022
ORD-0021,2023-06-26,Organic/Eco-friendly,S,500,2.5,0,1250.0,1000.0,J&T,BATCH-033
ORD-0022,2023-04-20,Skincare/Cosmetics,S,100,2.5,50,300.0,200.0,Flash,BATCH-019
ORD-0023,2023-02-15,เสื้อผ้าแฟชั่น,M,200,3.5,50,750.0,560.0,Flash,BATCH-050
ORD-0024,2023-05-17,เสื้อผ้าแฟชั่น,L,200,5.0,100,1100.0,800.0,Flash,BATCH-046
ORD-0025,2023-08-06,Skincare/Cosmetics,S,300,2.5,0,750.0,600.0,J&T,BATCH-003
ORD-0026,2023-09-30,Skincare/Cosmetics,L,150,5.0,100,850.0,600.0,ไปรษณีย์ไทย,BATCH-028
ORD-0027,2023-03-15,Organic/Eco-friendly,L,200,5.0,40,1040.0,800.0,J&T,BATCH-008
ORD-0028,2023-02-03,เสื้อผ้าแฟชั่น,L,500,5.0,50,2550.0,2000.0,ไปรษณีย์ไทย,BATCH-036
ORD-0029,2023-01-11,เสื้อผ้าแฟชั่น,L,80,5.0,0,400.0,320.0,Flash,BATCH-050
ORD-0030,2023-09-01,เสื้อผ้าแฟชั่น,S,50,2.5,0,125.0,100.0,ไปรษณีย์ไทย,BATCH-022
ORD-0031,2023-09-09,Organic/Eco-friendly,M,200,3.5,0,700.0,560.0,ไปรษณีย์ไทย,BATCH-004
ORD-0032,2023-03-29,Organic/Eco-friendly,L,300,5.0,50,1550.0,1200.0,ไปรษณีย์ไทย,BATCH-031
ORD-0033,2023-10-16,Skincare/Cosmetics,S,500,2.5,100,1350.0,1000.0,J&T,BATCH-004
ORD-0034,2023-06-07,เสื้อผ้าแฟชั่น,L,50,5.0,0,250.0,200.0,Flash,BATCH-007
ORD-0035,2023-03-27,Organic/Eco-friendly,M,300,3.5,0,1050.0,840.0,J&T,BATCH-038
ORD-0036,2023-05-11,Skincare/Cosmetics,L,100,5.0,100,600.0,400.0,ไปรษณีย์ไทย,BATCH-002
ORD-0037,2023-08-23,Organic/Eco-friendly,M,200,3.5,40,740.0,560.0,J&T,BATCH-022
ORD-0038,2023-06-08,Organic/Eco-friendly,M,150,3.5,0,525.0,420.0,J&T,BATCH-042
ORD-0039,2023-05-08,Organic/Eco-friendly,M,200,3.5,0,700.0,560.0,Flash,BATCH-009
ORD-0040,2023-01-07,Organic/Eco-friendly,M,50,3.5,0,175.0,140.0,Flash,BATCH-048
ORD-0041,2023-04-20,Organic/Eco-friendly,S,300,2.5,100,850.0,600.0,J&T,BATCH-034
ORD-0042,2023-09-06,เสื้อผ้าแฟชั่น,L,150,5.0,40,790.0,600.0,ไปรษณีย์ไทย,BATCH-023
ORD-0043,2023-05-31,เสื้อผ้าแฟชั่น,S,300,2.5,0,750.0,600.0,Flash,BATCH-044
ORD-0044,2023-02-07,Organic/Eco-friendly,S,150,2.5,40,415.0,300.0,ไปรษณีย์ไทย,BATCH-034
ORD-0045,2023-03-22,เสื้อผ้าแฟชั่น,L,500,5.0,40,2540.0,2000.0,J&T,BATCH-007
ORD-0046,2023-02-28,เสื้อผ้าแฟชั่น,S,300,2.5,40,790.0,600.0,Flash,BATCH-001
ORD-0047,2023-09-13,เสื้อผ้าแฟชั่น,L,50,5.0,0,250.0,200.0,ไปรษณีย์ไทย,BATCH-016
ORD-0048,2023-06-27,Skincare/Cosmetics,L,500,5.0,40,2540.0,2000.0,ไปรษณีย์ไทย,BATCH-036
ORD-0049,2023-07-31,เสื้อผ้าแฟชั่น,M,100,3.5,40,390.0,280.0,J&T,BATCH-016
ORD-0050,2023-07-30,Skincare/Cosmetics,L,100,5.0,100,600.0,400.0,Flash,BATCH-009
ORD-0051,2023-05-15,Skincare/Cosmetics,S,200,2.5,100,600.0,400.0,ไปรษณีย์ไทย,BATCH-023
ORD-0052,2023-10-04,Organic/Eco-friendly,L,80,5.0,0,400.0,320.0,J&T,BATCH-025
ORD-0053,2023-09-26,เสื้อผ้าแฟชั่น,M,150,3.5,0,525.0,420.0,ไปรษณีย์ไทย,BATCH-047
ORD-0054,2023-10-28,เสื้อผ้าแฟชั่น,S,300,2.5,0,750.0,600.0,ไปรษณีย์ไทย,BATCH-023
ORD-0055,2023-01-11,เสื้อผ้าแฟชั่น,S,80,2.5,0,200.0,160.0,ไปรษณีย์ไทย,BATCH-042
ORD-0056,2023-01-24,Skincare/Cosmetics,M,300,3.5,40,1090.0,840.0,Flash,BATCH-017
ORD-0057,2023-05-26,Organic/Eco-friendly,L,50,5.0,0,250.0,200.0,ไปรษณีย์ไทย,BATCH-042
ORD-0058,2023-06-17,Skincare/Cosmetics,S,50,2.5,0,125.0,100.0,ไปรษณีย์ไทย,BATCH-046
ORD-0059,2023-03-21,Organic/Eco-friendly,M,500,3.5,50,1800.0,1400.0,ไปรษณีย์ไทย,BATCH-041
ORD-0060,2023-07-27,Skincare/Cosmetics,S,80,2.5,0,200.0,160.0,J&T,BATCH-030
ORD-0061,2023-01-16,Organic/Eco-friendly,M,150,3.5,40,565.0,420.0,ไปรษณีย์ไทย,BATCH-008
ORD-0062,2023-08-26,เสื้อผ้าแฟชั่น,S,100,2.5,50,300.0,200.0,J&T,BATCH-014
ORD-0063,2023-10-14,เสื้อผ้าแฟชั่น,M,500,3.5,100,1850.0,1400.0,ไปรษณีย์ไทย,BATCH-028
ORD-0064,2023-06-07,Skincare/Cosmetics,L,500,5.0,100,2600.0,2000.0,Flash,BATCH-024
ORD-0065,2023-07-08,เสื้อผ้าแฟชั่น,M,500,3.5,0,1750.0,1400.0,ไปรษณีย์ไทย,BATCH-044
ORD-0066,2023-07-15,เสื้อผ้าแฟชั่น,M,150,3.5,100,625.0,420.0,J&T,BATCH-038
ORD-0067,2023-06-13,เสื้อผ้าแฟชั่น,M,300,3.5,40,1090.0,840.0,J&T,BATCH-024
ORD-0068,2023-03-10,Skincare/Cosmetics,S,80,2.5,0,200.0,160.0,Flash,BATCH-023
ORD-0069,2023-02-16,เสื้อผ้าแฟชั่น,S,80,2.5,0,200.0,160.0,Flash,BATCH-006
ORD-0070,2023-02-14,Organic/Eco-friendly,M,50,3.5,0,175.0,140.0,ไปรษณีย์ไทย,BATCH-014
ORD-0071,2023-01-03,Skincare/Cosmetics,L,50,5.0,0,250.0,200.0,Flash,BATCH-020
ORD-0072,2023-08-29,เสื้อผ้าแฟชั่น,M,150,3.5,40,565.0,420.0,J&T,BATCH-019
ORD-0073,2023-10-07,Skincare/Cosmetics,S,500,2.5,0,1250.0,1000.0,J&T,BATCH-020
ORD-0074,2023-06-10,Organic/Eco-friendly,M,50,3.5,0,175.0,140.0,J&T,BATCH-001
ORD-0075,2023-03-11,Skincare/Cosmetics,M,500,3.5,40,1790.0,1400.0,J&T,BATCH-035
ORD-0076,2023-02-04,เสื้อผ้าแฟชั่น,M,50,3.5,0,175.0,140.0,J&T,BATCH-040
ORD-0077,2023-08-30,Organic/Eco-friendly,L,50,5.0,0,250.0,200.0,ไปรษณีย์ไทย,BATCH-034
ORD-0078,2023-07-27,Skincare/Cosmetics,S,200,2.5,40,540.0,400.0,J&T,BATCH-017
ORD-0079,2023-08-27,เสื้อผ้าแฟชั่น,S,100,2.5,40,290.0,200.0,J&T,BATCH-021
ORD-0080,2023-04-18,Organic/Eco-friendly,M,150,3.5,100,625.0,420.0,Flash,BATCH-011
ORD-0081,2023-02-11,เสื้อผ้าแฟชั่น,M,150,3.5,40,565.0,420.0,Flash,BATCH-009
ORD-0082,2023-06-01,Skincare/Cosmetics,L,500,5.0,50,2550.0,2000.0,ไปรษณีย์ไทย,BATCH-015
ORD-0083,2023-07-31,เสื้อผ้าแฟชั่น,S,50,2.5,0,125.0,100.0,Flash,BATCH-014
ORD-0084,2023-01-15,Skincare/Cosmetics,M,500,3.5,0,1750.0,1400.0,Flash,BATCH-009
ORD-0085,2023-04-08,Skincare/Cosmetics,M,100,3.5,0,350.0,280.0,Flash,BATCH-035
ORD-0086,2023-06-14,Organic/Eco-friendly,M,80,3.5,0,280.0,224.0,ไปรษณีย์ไทย,BATCH-021
ORD-0087,2023-06-28,เสื้อผ้าแฟชั่น,M,200,3.5,50,750.0,560.0,ไปรษณีย์ไทย,BATCH-027
ORD-0088,2023-09-26,เสื้อผ้าแฟชั่น,S,150,2.5,100,475.0,300.0,J&T,BATCH-019
ORD-0089,2023-10-23,เสื้อผ้าแฟชั่น,S,300,2.5,0,750.0,600.0,Flash,BATCH-007
ORD-0090,2023-06-12,เสื้อผ้าแฟชั่น,M,80,3.5,0,280.0,224.0,J&T,BATCH-030
ORD-0091,2023-08-03,เสื้อผ้าแฟชั่น,S,80,2.5,0,200.0,160.0,ไปรษณีย์ไทย,BATCH-013
ORD-0092,2023-03-08,Skincare/Cosmetics,M,200,3.5,100,800.0,560.0,Flash,BATCH-024
ORD-0093,2023-08-16,Skincare/Cosmetics,L,100,5.0,50,550.0,400.0,ไปรษณีย์ไทย,BATCH-040
ORD-0094,2023-01-03,Organic/Eco-friendly,S,500,2.5,50,1300.0,1000.0,ไปรษณีย์ไทย,BATCH-021
ORD-0095,2023-07-31,เสื้อผ้าแฟชั่น,M,200,3.5,40,740.0,560.0,Flash,BATCH-021
ORD-0096,2023-02-27,เสื้อผ้าแฟชั่น,M,50,3.5,0,175.0,140.0,ไปรษณีย์ไทย,BATCH-004
ORD-0097,2023-07-05,Skincare/Cosmetics,L,500,5.0,40,2540.0,2000.0,J&T,BATCH-038
ORD-0098,2023-02-15,Organic/Eco-friendly,L,300,5.0,50,1550.0,1200.0,ไปรษณีย์ไทย,BATCH-001
ORD-0099,2023-09-25,เสื้อผ้าแฟชั่น,L,500,5.0,50,2550.0,2000.0,Flash,BATCH-018
ORD-0100,2023-02-14,Organic/Eco-friendly,L,100,5.0,40,540.0,400.0,Flash,BATCH-033
ORD-0101,2023-05-27,Skincare/Cosmetics,M,100,3.5,50,400.0,280.0,J&T,BATCH-035
ORD-0102,2023-09-21,Skincare/Cosmetics,L,100,5.0,0,500.0,400.0,ไปรษณีย์ไทย,BATCH-048
ORD-0103,2023-05-08,Skincare/Cosmetics,L,200,5.0,40,1040.0,800.0,Flash,BATCH-043
ORD-0104,2023-10-15,เสื้อผ้าแฟชั่น,L,300,5.0,0,1500.0,1200.0,J&T,BATCH-009
ORD-0105,2023-04-17,เสื้อผ้าแฟชั่น,M,200,3.5,50,750.0,560.0,J&T,BATCH-031
ORD-0106,2023-06-30,Organic/Eco-friendly,M,80,3.5,0,280.0,224.0,J&T,BATCH-024
ORD-0107,2023-06-10,เสื้อผ้าแฟชั่น,L,150,5.0,50,800.0,600.0,ไปรษณีย์ไทย,BATCH-012
ORD-0108,2023-08-14,Organic/Eco-friendly,S,300,2.5,0,750.0,600.0,ไปรษณีย์ไทย,BATCH-022
ORD-0109,2023-04-15,Skincare/Cosmetics,S,50,2.5,0,125.0,100.0,Flash,BATCH-012
ORD-0110,2023-09-12,เสื้อผ้าแฟชั่น,L,150,5.0,100,850.0,600.0,ไปรษณีย์ไทย,BATCH-046
ORD-0111,2023-05-01,Skincare/Cosmetics,M,100,3.5,50,400.0,280.0,ไปรษณีย์ไทย,BATCH-024
ORD-0112,2023-10-05,Organic/Eco-friendly,S,50,2.5,0,125.0,100.0,J&T,BATCH-015
ORD-0113,2023-07-30,Skincare/Cosmetics,M,200,3.5,0,700.0,560.0,ไปรษณีย์ไทย,BATCH-002
ORD-0114,2023-08-10,Organic/Eco-friendly,L,200,5.0,50,1050.0,800.0,ไปรษณีย์ไทย,BATCH-030
ORD-0115,2023-07-27,Skincare/Cosmetics,M,150,3.5,100,625.0,420.0,J&T,BATCH-048
ORD-0116,2023-04-02,Skincare/Cosmetics,M,80,3.5,0,280.0,224.0,ไปรษณีย์ไทย,BATCH-038
ORD-0117,2023-09-17,เสื้อผ้าแฟชั่น,M,300,3.5,0,1050.0,840.0,ไปรษณีย์ไทย,BATCH-024
ORD-0118,2023-05-18,Organic/Eco-friendly,L,500,5.0,40,2540.0,2000.0,J&T,BATCH-045
ORD-0119,2023-06-07,เสื้อผ้าแฟชั่น,L,100,5.0,0,500.0,400.0,ไปรษณีย์ไทย,BATCH-021
ORD-0120,2023-07-20,Skincare/Cosmetics,M,150,3.5,40,565.0,420.0,J&T,BATCH-045
ORD-0121,2023-07-23,เสื้อผ้าแฟชั่น,S,80,2.5,0,200.0,160.0,J&T,BATCH-018
ORD-0122,2023-06-14,Skincare/Cosmetics,S,80,2.5,0,200.0,160.0,J&T,BATCH-030
ORD-0123,2023-02-11,เสื้อผ้าแฟชั่น,M,100,3.5,100,450.0,280.0,Flash,BATCH-038
ORD-0124,2023-02-23,Organic/Eco-friendly,S,300,2.5,0,750.0,600.0,ไปรษณีย์ไทย,BATCH-040
ORD-0125,2023-10-22,เสื้อผ้าแฟชั่น,L,100,5.0,100,600.0,400.0,J&T,BATCH-021
ORD-0126,2023-10-19,Organic/Eco-friendly,M,80,3.5,0,280.0,224.0,Flash,BATCH-047
ORD-0127,2023-03-09,Organic/Eco-friendly,S,150,2.5,100,475.0,300.0,Flash,BATCH-028
ORD-0128,2023-10-18,เสื้อผ้าแฟชั่น,M,50,3.5,0,175.0,140.0,ไปรษณีย์ไทย,BATCH-046
ORD-0129,2023-07-28,Skincare/Cosmetics,L,100,5.0,50,550.0,400.0,ไปรษณีย์ไทย,BATCH-037
ORD-0130,2023-08-28,Skincare/Cosmetics,S,80,2.5,0,200.0,160.0,Flash,BATCH-047
ORD-0131,2023-09-05,Skincare/Cosmetics,S,100,2.5,40,290.0,200.0,J&T,BATCH-048
ORD-0132,2023-10-25,เสื้อผ้าแฟชั่น,M,50,3.5,0,175.0,140.0,J&T,BATCH-041
ORD-0133,2023-02-02,Skincare/Cosmetics,S,50,2.5,0,125.0,100.0,J&T,BATCH-023
ORD-0134,2023-09-03,Skincare/Cosmetics,S,80,2.5,0,200.0,160.0,Flash,BATCH-003
ORD-0135,2023-03-26,เสื้อผ้าแฟชั่น,M,80,3.5,0,280.0,224.0,Flash,BATCH-012
ORD-0136,2023-07-14,Skincare/Cosmetics,L,150,5.0,0,750.0,600.0,J&T,BATCH-028
ORD-0137,2023-06-02,Skincare/Cosmetics,M,200,3.5,50,750.0,560.0,Flash,BATCH-008
ORD-0138,2023-02-28,Skincare/Cosmetics,S,300,2.5,100,850.0,600.0,ไปรษณีย์ไทย,BATCH-049
ORD-0139,2023-09-16,Skincare/Cosmetics,L,50,5.0,0,250.0,200.0,ไปรษณีย์ไทย,BATCH-010
ORD-0140,2023-04-25,Skincare/Cosmetics,M,500,3.5,100,1850.0,1400.0,Flash,BATCH-047
ORD-0141,2023-04-19,Skincare/Cosmetics,S,100,2.5,50,300.0,200.0,ไปรษณีย์ไทย,BATCH-039
ORD-0142,2023-03-03,Skincare/Cosmetics,M,50,3.5,0,175.0,140.0,ไปรษณีย์ไทย,BATCH-036
ORD-0143,2023-08-02,Skincare/Cosmetics,S,300,2.5,50,800.0,600.0,Flash,BATCH-031
ORD-0144,2023-10-10,เสื้อผ้าแฟชั่น,S,200,2.5,50,550.0,400.0,J&T,BATCH-032
ORD-0145,2023-05-02,Organic/Eco-friendly,S,150,2.5,0,375.0,300.0,J&T,BATCH-026
ORD-0146,2023-05-27,เสื้อผ้าแฟชั่น,S,50,2.5,0,125.0,100.0,Flash,BATCH-003
ORD-0147,2023-02-06,Organic/Eco-friendly,S,150,2.5,40,415.0,300.0,ไปรษณีย์ไทย,BATCH-007
ORD-0148,2023-03-07,Organic/Eco-friendly,S,200,2.5,50,550.0,400.0,J&T,BATCH-046
ORD-0149,2023-09-24,เสื้อผ้าแฟชั่น,L,200,5.0,40,1040.0,800.0,J&T,BATCH-008
ORD-0150,2023-02-27,Skincare/Cosmetics,S,300,2.5,100,850.0,600.0,J&T,BATCH-019
ORD-0151,2023-02-28,เสื้อผ้าแฟชั่น,S,150,2.5,50,425.0,300.0,Flash,BATCH-047
ORD-0152,2023-01-28,Skincare/Cosmetics,M,50,3.5,0,175.0,140.0,ไปรษณีย์ไทย,BATCH-044
ORD-0153,2023-04-27,Organic/Eco-friendly,S,80,2.5,0,200.0,160.0,J&T,BATCH-041
ORD-0154,2023-06-19,Skincare/Cosmetics,M,150,3.5,0,525.0,420.0,J&T,BATCH-045
ORD-0155,2023-09-02,Organic/Eco-friendly,M,150,3.5,100,625.0,420.0,Flash,BATCH-047
ORD-0156,2023-10-01,เสื้อผ้าแฟชั่น,L,50,5.0,0,250.0,200.0,Flash,BATCH-028
ORD-0157,2023-02-04,Organic/Eco-friendly,M,100,3.5,50,400.0,280.0,J&T,BATCH-013
ORD-0158,2023-08-18,Skincare/Cosmetics,S,200,2.5,40,540.0,400.0,Flash,BATCH-034
ORD-0159,2023-01-03,เสื้อผ้าแฟชั่น,L,300,5.0,100,1600.0,1200.0,ไปรษณีย์ไทย,BATCH-046
ORD-0160,2023-10-21,เสื้อผ้าแฟชั่น,L,200,5.0,50,1050.0,800.0,J&T,BATCH-010
ORD-0161,2023-08-12,Skincare/Cosmetics,L,100,5.0,0,500.0,400.0,Flash,BATCH-017
ORD-0162,2023-06-16,Skincare/Cosmetics,M,200,3.5,40,740.0,560.0,Flash,BATCH-034
ORD-0163,2023-08-05,เสื้อผ้าแฟชั่น,S,100,2.5,50,300.0,200.0,Flash,BATCH-012
ORD-0164,2023-01-14,เสื้อผ้าแฟชั่น,M,200,3.5,100,800.0,560.0,ไปรษณีย์ไทย,BATCH-034
ORD-0165,2023-06-30,Organic/Eco-friendly,M,200,3.5,100,800.0,560.0,J&T,BATCH-046
ORD-0166,2023-02-20,Skincare/Cosmetics,S,300,2.5,40,790.0,600.0,Flash,BATCH-045
ORD-0167,2023-06-11,Organic/Eco-friendly,S,50,2.5,0,125.0,100.0,Flash,BATCH-024
ORD-0168,2023-04-04,Organic/Eco-friendly,M,80,3.5,0,280.0,224.0,J&T,BATCH-042
ORD-0169,2023-10-14,Organic/Eco-friendly,L,50,5.0,0,250.0,200.0,Flash,BATCH-021
ORD-0170,2023-10-05,Skincare/Cosmetics,L,50,5.0,0,250.0,200.0,ไปรษณีย์ไทย,BATCH-019
ORD-0171,2023-10-06,เสื้อผ้าแฟชั่น,L,80,5.0,0,400.0,320.0,J&T,BATCH-019
ORD-0172,2023-06-13,Organic/Eco-friendly,S,150,2.5,100,475.0,300.0,J&T,BATCH-027
ORD-0173,2023-03-16,Organic/Eco-friendly,S,200,2.5,0,500.0,400.0,J&T,BATCH-030
ORD-0174,2023-03-08,Organic/Eco-friendly,M,300,3.5,100,1150.0,840.0,J&T,BATCH-005
ORD-0175,2023-06-24,Skincare/Cosmetics,M,300,3.5,50,1100.0,840.0,J&T,BATCH-016
ORD-0176,2023-10-15,Organic/Eco-friendly,S,150,2.5,50,425.0,300.0,ไปรษณีย์ไทย,BATCH-006
ORD-0177,2023-07-14,Organic/Eco-friendly,L,100,5.0,50,550.0,400.0,Flash,BATCH-050
ORD-0178,2023-02-01,เสื้อผ้าแฟชั่น,L,500,5.0,40,2540.0,2000.0,Flash,BATCH-003
ORD-0179,2023-01-31,Organic/Eco-friendly,S,150,2.5,100,475.0,300.0,ไปรษณีย์ไทย,BATCH-042
ORD-0180,2023-02-13,เสื้อผ้าแฟชั่น,M,50,3.5,0,175.0,140.0,J&T,BATCH-007
ORD-0181,2023-01-11,Skincare/Cosmetics,L,150,5.0,0,750.0,600.0,ไปรษณีย์ไทย,BATCH-034
ORD-0182,2023-09-12,Organic/Eco-friendly,L,200,5.0,40,1040.0,800.0,Flash,BATCH-008
ORD-0183,2023-08-17,Organic/Eco-friendly,S,300,2.5,0,750.0,600.0,Flash,BATCH-012
ORD-0184,2023-03-06,Organic/Eco-friendly,M,150,3.5,100,625.0,420.0,ไปรษณีย์ไทย,BATCH-002
ORD-0185,2023-02-26,Skincare/Cosmetics,L,150,5.0,50,800.0,600.0,Flash,BATCH-030
ORD-0186,2023-04-21,Skincare/Cosmetics,M,200,3.5,50,750.0,560.0,Flash,BATCH-029
ORD-0187,2023-02-19,Organic/Eco-friendly,M,150,3.5,100,625.0,420.0,Flash,BATCH-033
ORD-0188,2023-04-09,Skincare/Cosmetics,M,50,3.5,0,175.0,140.0,J&T,BATCH-049
ORD-0189,2023-10-13,Skincare/Cosmetics,L,50,5.0,0,250.0,200.0,ไปรษณีย์ไทย,BATCH-019
ORD-0190,2023-05-19,Organic/Eco-friendly,S,100,2.5,0,250.0,200.0,ไปรษณีย์ไทย,BATCH-038
ORD-0191,2023-07-19,เสื้อผ้าแฟชั่น,L,80,5.0,0,400.0,320.0,Flash,BATCH-008
ORD-0192,2023-03-15,Organic/Eco-friendly,M,100,3.5,40,390.0,280.0,Flash,BATCH-019
ORD-0193,2023-01-29,เสื้อผ้าแฟชั่น,M,200,3.5,50,750.0,560.0,J&T,BATCH-011
ORD-0194,2023-07-30,เสื้อผ้าแฟชั่น,M,500,3.5,0,1750.0,1400.0,ไปรษณีย์ไทย,BATCH-030
ORD-0195,2023-10-04,Organic/Eco-friendly,M,80,3.5,0,280.0,224.0,J&T,BATCH-033
ORD-0196,2023-10-22,Organic/Eco-friendly,S,150,2.5,50,425.0,300.0,J&T,BATCH-005
ORD-0197,2023-08-03,Organic/Eco-friendly,L,200,5.0,0,1000.0,800.0,J&T,BATCH-026
ORD-0198,2023-03-07,Skincare/Cosmetics,L,100,5.0,50,550.0,400.0,Flash,BATCH-024
ORD-0199,2023-06-16,Organic/Eco-friendly,M,100,3.5,50,400.0,280.0,Flash,BATCH-018
ORD-0200,2023-07-23,Organic/Eco-friendly,M,80,3.5,0,280.0,224.0,Flash,BATCH-043
ORD-0201,2023-03-01,เสื้อผ้าแฟชั่น,L,50,5.0,0,250.0,200.0,ไปรษณีย์ไทย,BATCH-020
ORD-0202,2023-06-02,เสื้อผ้าแฟชั่น,L,200,5.0,40,1040.0,800.0,J&T,BATCH-019
ORD-0203,2023-05-17,เสื้อผ้าแฟชั่น,M,500,3.5,100,1850.0,1400.0,ไปรษณีย์ไทย,BATCH-013
ORD-0204,2023-03-07,เสื้อผ้าแฟชั่น,S,500,2.5,0,1250.0,1000.0,J&T,BATCH-027
ORD-0205,2023-05-14,Skincare/Cosmetics,M,100,3.5,50,400.0,280.0,ไปรษณีย์ไทย,BATCH-043
ORD-0206,2023-03-31,เสื้อผ้าแฟชั่น,M,300,3.5,50,1100.0,840.0,Flash,BATCH-027
ORD-0207,2023-04-27,Organic/Eco-friendly,M,80,3.5,0,280.0,224.0,Flash,BATCH-014
ORD-0208,2023-06-25,Organic/Eco-friendly,L,100,5.0,0,500.0,400.0,J&T,BATCH-005
ORD-0209,2023-01-11,เสื้อผ้าแฟชั่น,S,300,2.5,100,850.0,600.0,J&T,BATCH-030
ORD-0210,2023-07-08,เสื้อผ้าแฟชั่น,M,150,3.5,100,625.0,420.0,J&T,BATCH-006
ORD-0211,2023-05-21,เสื้อผ้าแฟชั่น,M,80,3.5,0,280.0,224.0,ไปรษณีย์ไทย,BATCH-005
ORD-0212,2023-01-03,เสื้อผ้าแฟชั่น,M,500,3.5,50,1800.0,1400.0,J&T,BATCH-010
ORD-0213,2023-07-26,Organic/Eco-friendly,L,300,5.0,0,1500.0,1200.0,ไปรษณีย์ไทย,BATCH-049
ORD-0214,2023-04-18,Organic/Eco-friendly,M,80,3.5,0,280.0,224.0,ไปรษณีย์ไทย,BATCH-014
ORD-0215,2023-09-30,Organic/Eco-friendly,M,500,3.5,40,1790.0,1400.0,ไปรษณีย์ไทย,BATCH-039
ORD-0216,2023-01-31,เสื้อผ้าแฟชั่น,L,150,5.0,50,800.0,600.0,Flash,BATCH-003
ORD-0217,2023-07-31,Skincare/Cosmetics,S,80,2.5,0,200.0,160.0,J&T,BATCH-039
ORD-0218,2023-01-15,เสื้อผ้าแฟชั่น,L,50,5.0,0,250.0,200.0,ไปรษณีย์ไทย,BATCH-003
ORD-0219,2023-02-05,Organic/Eco-friendly,M,200,3.5,40,740.0,560.0,ไปรษณีย์ไทย,BATCH-049
ORD-0220,2023-08-03,Organic/Eco-friendly,M,200,3.5,50,750.0,560.0,ไปรษณีย์ไทย,BATCH-041
ORD-0221,2023-07-11,เสื้อผ้าแฟชั่น,L,500,5.0,100,2600.0,2000.0,J&T,BATCH-002
ORD-0222,2023-03-17,เสื้อผ้าแฟชั่น,L,300,5.0,40,1540.0,1200.0,Flash,BATCH-031
ORD-0223,2023-09-12,เสื้อผ้าแฟชั่น,M,80,3.5,0,280.0,224.0,ไปรษณีย์ไทย,BATCH-018
ORD-0224,2023-06-05,เสื้อผ้าแฟชั่น,L,50,5.0,0,250.0,200.0,J&T,BATCH-005
ORD-0225,2023-03-09,Organic/Eco-friendly,M,200,3.5,100,800.0,560.0,J&T,BATCH-014
ORD-0226,2023-04-26,เสื้อผ้าแฟชั่น,M,50,3.5,0,175.0,140.0,Flash,BATCH-036
ORD-0227,2023-09-03,Skincare/Cosmetics,S,80,2.5,0,200.0,160.0,Flash,BATCH-046
ORD-0228,2023-10-19,Organic/Eco-friendly,L,100,5.0,0,500.0,400.0,J&T,BATCH-016
ORD-0229,2023-06-22,Organic/Eco-friendly,L,200,5.0,50,1050.0,800.0,J&T,BATCH-023
ORD-0230,2023-06-07,Organic/Eco-friendly,S,50,2.5,0,125.0,100.0,J&T,BATCH-019
ORD-0231,2023-08-05,เสื้อผ้าแฟชั่น,L,80,5.0,0,400.0,320.0,J&T,BATCH-039
ORD-0232,2023-06-03,Skincare/Cosmetics,M,200,3.5,50,750.0,560.0,Flash,BATCH-031
ORD-0233,2023-05-04,Skincare/Cosmetics,S,100,2.5,40,290.0,200.0,J&T,BATCH-008
ORD-0234,2023-07-09,Skincare/Cosmetics,L,50,5.0,0,250.0,200.0,Flash,BATCH-028
ORD-0235,2023-03-05,เสื้อผ้าแฟชั่น,L,300,5.0,50,1550.0,1200.0,J&T,BATCH-003
ORD-0236,2023-04-20,Organic/Eco-friendly,M,150,3.5,50,575.0,420.0,ไปรษณีย์ไทย,BATCH-049
ORD-0237,2023-04-01,Skincare/Cosmetics,S,100,2.5,50,300.0,200.0,ไปรษณีย์ไทย,BATCH-047
ORD-0238,2023-09-25,เสื้อผ้าแฟชั่น,L,150,5.0,40,790.0,600.0,ไปรษณีย์ไทย,BATCH-003
ORD-0239,2023-08-01,Skincare/Cosmetics,L,200,5.0,40,1040.0,800.0,ไปรษณีย์ไทย,BATCH-018
ORD-0240,2023-07-19,เสื้อผ้าแฟชั่น,L,300,5.0,40,1540.0,1200.0,ไปรษณีย์ไทย,BATCH-010
ORD-0241,2023-10-21,เสื้อผ้าแฟชั่น,L,150,5.0,100,850.0,600.0,Flash,BATCH-046
ORD-0242,2023-06-01,Skincare/Cosmetics,S,500,2.5,100,1350.0,1000.0,ไปรษณีย์ไทย,BATCH-012
ORD-0243,2023-07-08,Organic/Eco-friendly,L,50,5.0,0,250.0,200.0,ไปรษณีย์ไทย,BATCH-050
ORD-0244,2023-05-17,เสื้อผ้าแฟชั่น,S,100,2.5,40,290.0,200.0,Flash,BATCH-033
ORD-0245,2023-04-18,เสื้อผ้าแฟชั่น,S,80,2.5,0,200.0,160.0,J&T,BATCH-023
ORD-0246,2023-04-13,เสื้อผ้าแฟชั่น,M,300,3.5,50,1100.0,840.0,ไปรษณีย์ไทย,BATCH-013
ORD-0247,2023-06-29,เสื้อผ้าแฟชั่น,L,300,5.0,0,1500.0,1200.0,J&T,BATCH-050
ORD-0248,2023-01-14,เสื้อผ้าแฟชั่น,M,300,3.5,50,1100.0,840.0,ไปรษณีย์ไทย,BATCH-038
ORD-0249,2023-07-06,Organic/Eco-friendly,S,80,2.5,0,200.0,160.0,J&T,BATCH-021
ORD-0250,2023-08-31,เสื้อผ้าแฟชั่น,M,50,3.5,0,175.0,140.0,J&T,BATCH-010
ORD-0251,2023-09-10,Organic/Eco-friendly,M,200,3.5,100,800.0,560.0,ไปรษณีย์ไทย,BATCH-038
ORD-0252,2023-03-26,Skincare/Cosmetics,L,50,5.0,0,250.0,200.0,J&T,BATCH-006
ORD-0253,2023-04-17,Skincare/Cosmetics,M,150,3.5,40,565.0,420.0,J&T,BATCH-005
ORD-0254,2023-05-24,Organic/Eco-friendly,L,100,5.0,50,550.0,400.0,J&T,BATCH-026
ORD-0255,2023-03-16,เสื้อผ้าแฟชั่น,S,300,2.5,50,800.0,600.0,Flash,BATCH-025
ORD-0256,2023-08-24,Organic/Eco-friendly,L,200,5.0,100,1100.0,800.0,J&T,BATCH-004
ORD-0257,2023-06-06,Skincare/Cosmetics,L,100,5.0,50,550.0,400.0,J&T,BATCH-003
ORD-0258,2023-04-05,Skincare/Cosmetics,S,80,2.5,0,200.0,160.0,J&T,BATCH-038
ORD-0259,2023-06-24,Organic/Eco-friendly,S,50,2.5,0,125.0,100.0,ไปรษณีย์ไทย,BATCH-042
ORD-0260,2023-04-20,Organic/Eco-friendly,L,50,5.0,0,250.0,200.0,ไปรษณีย์ไทย,BATCH-048
ORD-0261,2023-01-12,Organic/Eco-friendly,S,100,2.5,0,250.0,200.0,J&T,BATCH-024
ORD-0262,2023-10-11,Organic/Eco-friendly,S,50,2.5,0,125.0,100.0,J&T,BATCH-044
ORD-0263,2023-06-18,Organic/Eco-friendly,L,200,5.0,40,1040.0,800.0,ไปรษณีย์ไทย,BATCH-042
ORD-0264,2023-04-18,Organic/Eco-friendly,L,80,5.0,0,400.0,320.0,J&T,BATCH-014
ORD-0265,2023-04-13,Organic/Eco-friendly,L,150,5.0,100,850.0,600.0,J&T,BATCH-009
ORD-0266,2023-06-17,Skincare/Cosmetics,M,300,3.5,50,1100.0,840.0,ไปรษณีย์ไทย,BATCH-047
ORD-0267,2023-07-05,Organic/Eco-friendly,L,50,5.0,0,250.0,200.0,ไปรษณีย์ไทย,BATCH-050
ORD-0268,2023-09-01,Skincare/Cosmetics,L,500,5.0,100,2600.0,2000.0,Flash,BATCH-044
ORD-0269,2023-05-18,Skincare/Cosmetics,L,500,5.0,40,2540.0,2000.0,Flash,BATCH-039
ORD-0270,2023-05-22,Skincare/Cosmetics,M,80,3.5,0,280.0,224.0,ไปรษณีย์ไทย,BATCH-005
ORD-0271,2023-10-02,เสื้อผ้าแฟชั่น,M,80,3.5,0,280.0,224.0,J&T,BATCH-003
ORD-0272,2023-06-24,เสื้อผ้าแฟชั่น,S,500,2.5,50,1300.0,1000.0,ไปรษณีย์ไทย,BATCH-020
ORD-0273,2023-03-24,Organic/Eco-friendly,M,80,3.5,0,280.0,224.0,Flash,BATCH-031
ORD-0274,2023-09-09,Organic/Eco-friendly,L,80,5.0,0,400.0,320.0,ไปรษณีย์ไทย,BATCH-008
ORD-0275,2023-04-10,เสื้อผ้าแฟชั่น,L,150,5.0,0,750.0,600.0,J&T,BATCH-047
ORD-0276,2023-05-14,เสื้อผ้าแฟชั่น,L,80,5.0,0,400.0,320.0,Flash,BATCH-047
ORD-0277,2023-04-11,Organic/Eco-friendly,S,300,2.5,0,750.0,600.0,ไปรษณีย์ไทย,BATCH-015
ORD-0278,2023-07-26,Skincare/Cosmetics,L,150,5.0,0,750.0,600.0,Flash,BATCH-036
ORD-0279,2023-04-10,Skincare/Cosmetics,M,80,3.5,0,280.0,224.0,J&T,BATCH-039
ORD-0280,2023-10-27,Organic/Eco-friendly,S,200,2.5,0,500.0,400.0,ไปรษณีย์ไทย,BATCH-044
ORD-0281,2023-07-14,เสื้อผ้าแฟชั่น,L,300,5.0,50,1550.0,1200.0,Flash,BATCH-047
ORD-0282,2023-09-08,Skincare/Cosmetics,L,200,5.0,0,1000.0,800.0,J&T,BATCH-001
ORD-0283,2023-02-21,Organic/Eco-friendly,M,500,3.5,40,1790.0,1400.0,J&T,BATCH-020
ORD-0284,2023-03-25,Organic/Eco-friendly,M,300,3.5,100,1150.0,840.0,J&T,BATCH-023
ORD-0285,2023-01-05,Organic/Eco-friendly,S,100,2.5,40,290.0,200.0,J&T,BATCH-043
ORD-0286,2023-05-18,เสื้อผ้าแฟชั่น,M,500,3.5,40,1790.0,1400.0,Flash,BATCH-012
ORD-0287,2023-09-14,เสื้อผ้าแฟชั่น,L,300,5.0,40,1540.0,1200.0,ไปรษณีย์ไทย,BATCH-015
ORD-0288,2023-10-16,เสื้อผ้าแฟชั่น,M,300,3.5,50,1100.0,840.0,Flash,BATCH-036
ORD-0289,2023-08-12,เสื้อผ้าแฟชั่น,S,300,2.5,0,750.0,600.0,J&T,BATCH-028
ORD-0290,2023-05-30,Skincare/Cosmetics,L,150,5.0,0,750.0,600.0,J&T,BATCH-010
ORD-0291,2023-07-31,Organic/Eco-friendly,M,100,3.5,0,350.0,280.0,ไปรษณีย์ไทย,BATCH-020
ORD-0292,2023-09-01,Organic/Eco-friendly,S,200,2.5,100,600.0,400.0,Flash,BATCH-024
ORD-0293,2023-03-12,เสื้อผ้าแฟชั่น,M,200,3.5,0,700.0,560.0,Flash,BATCH-040
ORD-0294,2023-07-27,Skincare/Cosmetics,M,150,3.5,0,525.0,420.0,J&T,BATCH-045
ORD-0295,2023-04-08,Organic/Eco-friendly,S,500,2.5,0,1250.0,1000.0,ไปรษณีย์ไทย,BATCH-029
ORD-0296,2023-01-13,เสื้อผ้าแฟชั่น,M,300,3.5,0,1050.0,840.0,Flash,BATCH-031
ORD-0297,2023-03-01,Skincare/Cosmetics,M,200,3.5,50,750.0,560.0,ไปรษณีย์ไทย,BATCH-010
ORD-0298,2023-01-08,Skincare/Cosmetics,M,100,3.5,0,350.0,280.0,Flash,BATCH-037
ORD-0299,2023-08-19,เสื้อผ้าแฟชั่น,L,150,5.0,0,750.0,600.0,Flash,BATCH-021
ORD-0300,2023-10-21,Skincare/Cosmetics,S,500,2.5,50,1300.0,1000.0,J&T,BATCH-033
ORD-0301,2023-07-25,Skincare/Cosmetics,L,200,5.0,100,1100.0,800.0,J&T,BATCH-002
ORD-0302,2023-06-15,Organic/Eco-friendly,S,100,2.5,40,290.0,200.0,Flash,BATCH-010
ORD-0303,2023-03-02,เสื้อผ้าแฟชั่น,S,150,2.5,50,425.0,300.0,ไปรษณีย์ไทย,BATCH-050
ORD-0304,2023-07-10,Organic/Eco-friendly,S,80,2.5,0,200.0,160.0,ไปรษณีย์ไทย,BATCH-033
ORD-0305,2023-02-03,เสื้อผ้าแฟชั่น,M,150,3.5,40,565.0,420.0,Flash,BATCH-007
ORD-0306,2023-02-23,Skincare/Cosmetics,M,150,3.5,100,625.0,420.0,ไปรษณีย์ไทย,BATCH-032
ORD-0307,2023-08-21,Organic/Eco-friendly,L,500,5.0,0,2500.0,2000.0,Flash,BATCH-029
ORD-0308,2023-04-02,Organic/Eco-friendly,L,150,5.0,100,850.0,600.0,Flash,BATCH-010
ORD-0309,2023-07-24,Skincare/Cosmetics,L,80,5.0,0,400.0,320.0,J&T,BATCH-046
ORD-0310,2023-01-15,เสื้อผ้าแฟชั่น,L,100,5.0,50,550.0,400.0,Flash,BATCH-037
ORD-0311,2023-08-15,เสื้อผ้าแฟชั่น,L,200,5.0,40,1040.0,800.0,ไปรษณีย์ไทย,BATCH-043
ORD-0312,2023-10-23,Skincare/Cosmetics,L,100,5.0,0,500.0,400.0,ไปรษณีย์ไทย,BATCH-021
ORD-0313,2023-10-21,Skincare/Cosmetics,S,150,2.5,100,475.0,300.0,ไปรษณีย์ไทย,BATCH-023
ORD-0314,2023-07-30,Skincare/Cosmetics,M,200,3.5,0,700.0,560.0,J&T,BATCH-046
ORD-0315,2023-01-16,Skincare/Cosmetics,M,100,3.5,40,390.0,280.0,J&T,BATCH-012
ORD-0316,2023-02-12,Organic/Eco-friendly,S,300,2.5,40,790.0,600.0,ไปรษณีย์ไทย,BATCH-037
ORD-0317,2023-07-04,เสื้อผ้าแฟชั่น,S,150,2.5,100,475.0,300.0,Flash,BATCH-015
ORD-0318,2023-01-29,Organic/Eco-friendly,S,100,2.5,0,250.0,200.0,Flash,BATCH-028
ORD-0319,2023-04-21,Organic/Eco-friendly,L,200,5.0,0,1000.0,800.0,ไปรษณีย์ไทย,BATCH-029
ORD-0320,2023-07-08,Skincare/Cosmetics,L,80,5.0,0,400.0,320.0,ไปรษณีย์ไทย,BATCH-026
ORD-0321,2023-06-28,เสื้อผ้าแฟชั่น,M,500,3.5,0,1750.0,1400.0,Flash,BATCH-046
ORD-0322,2023-10-19,Skincare/Cosmetics,M,200,3.5,100,800.0,560.0,ไปรษณีย์ไทย,BATCH-048
ORD-0323,2023-06-20,Organic/Eco-friendly,S,80,2.5,0,200.0,160.0,ไปรษณีย์ไทย,BATCH-008
ORD-0324,2023-06-26,Skincare/Cosmetics,S,500,2.5,50,1300.0,1000.0,J&T,BATCH-038
ORD-0325,2023-05-30,Organic/Eco-friendly,L,300,5.0,50,1550.0,1200.0,ไปรษณีย์ไทย,BATCH-040
ORD-0326,2023-06-25,Organic/Eco-friendly,M,100,3.5,0,350.0,280.0,Flash,BATCH-005
ORD-0327,2023-03-10,Organic/Eco-friendly,M,50,3.5,0,175.0,140.0,Flash,BATCH-030
ORD-0328,2023-06-20,Skincare/Cosmetics,L,150,5.0,40,790.0,600.0,ไปรษณีย์ไทย,BATCH-002
ORD-0329,2023-04-08,Skincare/Cosmetics,L,300,5.0,100,1600.0,1200.0,ไปรษณีย์ไทย,BATCH-017
ORD-0330,2023-08-07,Organic/Eco-friendly,L,100,5.0,40,540.0,400.0,J&T,BATCH-002
ORD-0331,2023-09-19,Organic/Eco-friendly,L,50,5.0,0,250.0,200.0,J&T,BATCH-047
ORD-0332,2023-06-04,Skincare/Cosmetics,S,500,2.5,100,1350.0,1000.0,ไปรษณีย์ไทย,BATCH-044
ORD-0333,2023-06-26,เสื้อผ้าแฟชั่น,M,500,3.5,100,1850.0,1400.0,Flash,BATCH-049
ORD-0334,2023-02-04,เสื้อผ้าแฟชั่น,S,500,2.5,50,1300.0,1000.0,ไปรษณีย์ไทย,BATCH-002
ORD-0335,2023-07-12,Skincare/Cosmetics,L,150,5.0,100,850.0,600.0,J&T,BATCH-046
ORD-0336,2023-02-07,Skincare/Cosmetics,M,150,3.5,40,565.0,420.0,ไปรษณีย์ไทย,BATCH-039
ORD-0337,2023-08-11,Organic/Eco-friendly,S,80,2.5,0,200.0,160.0,Flash,BATCH-011
ORD-0338,2023-10-07,Organic/Eco-friendly,S,80,2.5,0,200.0,160.0,Flash,BATCH-016
ORD-0339,2023-09-20,Skincare/Cosmetics,S,150,2.5,100,475.0,300.0,ไปรษณีย์ไทย,BATCH-005
ORD-0340,2023-03-19,Organic/Eco-friendly,M,100,3.5,50,400.0,280.0,J&T,BATCH-043
ORD-0341,2023-09-30,เสื้อผ้าแฟชั่น,L,100,5.0,100,600.0,400.0,J&T,BATCH-008
ORD-0342,2023-06-23,Skincare/Cosmetics,M,100,3.5,50,400.0,280.0,ไปรษณีย์ไทย,BATCH-009
ORD-0343,2023-05-08,Organic/Eco-friendly,M,200,3.5,40,740.0,560.0,Flash,BATCH-036
ORD-0344,2023-03-12,Organic/Eco-friendly,M,200,3.5,100,800.0,560.0,ไปรษณีย์ไทย,BATCH-003
ORD-0345,2023-05-16,Skincare/Cosmetics,M,200,3.5,40,740.0,560.0,ไปรษณีย์ไทย,BATCH-010
ORD-0346,2023-10-28,Skincare/Cosmetics,L,300,5.0,50,1550.0,1200.0,Flash,BATCH-017
ORD-0347,2023-01-06,เสื้อผ้าแฟชั่น,S,200,2.5,0,500.0,400.0,ไปรษณีย์ไทย,BATCH-001
ORD-0348,2023-10-10,เสื้อผ้าแฟชั่น,S,200,2.5,40,540.0,400.0,ไปรษณีย์ไทย,BATCH-012
ORD-0349,2023-05-16,Organic/Eco-friendly,S,100,2.5,50,300.0,200.0,J&T,BATCH-037
ORD-0350,2023-07-21,Organic/Eco-friendly,M,100,3.5,0,350.0,280.0,J&T,BATCH-002
ORD-0351,2023-07-19,เสื้อผ้าแฟชั่น,S,50,2.5,0,125.0,100.0,J&T,BATCH-044
ORD-0352,2023-06-30,Skincare/Cosmetics,L,150,5.0,50,800.0,600.0,Flash,BATCH-001
ORD-0353,2023-06-24,Skincare/Cosmetics,M,500,3.5,0,1750.0,1400.0,ไปรษณีย์ไทย,BATCH-036
ORD-0354,2023-01-12,Organic/Eco-friendly,M,500,3.5,50,1800.0,1400.0,ไปรษณีย์ไทย,BATCH-041
ORD-0355,2023-01-16,เสื้อผ้าแฟชั่น,L,300,5.0,0,1500.0,1200.0,J&T,BATCH-044
ORD-0356,2023-05-21,Skincare/Cosmetics,L,300,5.0,50,1550.0,1200.0,J&T,BATCH-024
ORD-0357,2023-01-03,Skincare/Cosmetics,M,150,3.5,100,625.0,420.0,Flash,BATCH-006
ORD-0358,2023-04-21,Skincare/Cosmetics,M,150,3.5,0,525.0,420.0,ไปรษณีย์ไทย,BATCH-025
ORD-0359,2023-09-22,Skincare/Cosmetics,M,500,3.5,100,1850.0,1400.0,J&T,BATCH-035
ORD-0360,2023-01-20,Skincare/Cosmetics,S,100,2.5,100,350.0,200.0,ไปรษณีย์ไทย,BATCH-017
ORD-0361,2023-08-06,เสื้อผ้าแฟชั่น,S,100,2.5,100,350.0,200.0,J&T,BATCH-041
ORD-0362,2023-07-07,Organic/Eco-friendly,S,500,2.5,0,1250.0,1000.0,ไปรษณีย์ไทย,BATCH-023
ORD-0363,2023-10-08,เสื้อผ้าแฟชั่น,M,300,3.5,50,1100.0,840.0,J&T,BATCH-045
ORD-0364,2023-10-26,Skincare/Cosmetics,M,300,3.5,50,1100.0,840.0,Flash,BATCH-021
ORD-0365,2023-03-02,เสื้อผ้าแฟชั่น,L,50,5.0,0,250.0,200.0,Flash,BATCH-028
ORD-0366,2023-03-10,Skincare/Cosmetics,L,100,5.0,40,540.0,400.0,ไปรษณีย์ไทย,BATCH-031
ORD-0367,2023-08-22,Organic/Eco-friendly,S,100,2.5,100,350.0,200.0,J&T,BATCH-039
ORD-0368,2023-05-20,เสื้อผ้าแฟชั่น,L,50,5.0,0,250.0,200.0,ไปรษณีย์ไทย,BATCH-022
ORD-0369,2023-02-24,Organic/Eco-friendly,M,300,3.5,40,1090.0,840.0,J&T,BATCH-030
ORD-0370,2023-06-22,Skincare/Cosmetics,M,200,3.5,100,800.0,560.0,J&T,BATCH-040
ORD-0371,2023-03-09,Organic/Eco-friendly,S,50,2.5,0,125.0,100.0,ไปรษณีย์ไทย,BATCH-018
ORD-0372,2023-01-13,Organic/Eco-friendly,L,100,5.0,0,500.0,400.0,ไปรษณีย์ไทย,BATCH-024
ORD-0373,2023-04-22,Skincare/Cosmetics,S,200,2.5,40,540.0,400.0,J&T,BATCH-026
ORD-0374,2023-02-07,Organic/Eco-friendly,L,200,5.0,50,1050.0,800.0,J&T,BATCH-020
ORD-0375,2023-06-03,เสื้อผ้าแฟชั่น,L,500,5.0,0,2500.0,2000.0,J&T,BATCH-035
ORD-0376,2023-04-13,Organic/Eco-friendly,M,80,3.5,0,280.0,224.0,ไปรษณีย์ไทย,BATCH-003
ORD-0377,2023-10-07,เสื้อผ้าแฟชั่น,S,50,2.5,0,125.0,100.0,J&T,BATCH-001
ORD-0378,2023-01-09,Organic/Eco-friendly,S,100,2.5,100,350.0,200.0,J&T,BATCH-002
ORD-0379,2023-01-18,Organic/Eco-friendly,L,300,5.0,0,1500.0,1200.0,J&T,BATCH-031
ORD-0380,2023-02-13,เสื้อผ้าแฟชั่น,S,200,2.5,40,540.0,400.0,Flash,BATCH-004
ORD-0381,2023-07-31,Skincare/Cosmetics,M,80,3.5,0,280.0,224.0,ไปรษณีย์ไทย,BATCH-014
ORD-0382,2023-04-16,เสื้อผ้าแฟชั่น,M,50,3.5,0,175.0,140.0,Flash,BATCH-031
ORD-0383,2023-05-01,Skincare/Cosmetics,S,500,2.5,40,1290.0,1000.0,Flash,BATCH-014
ORD-0384,2023-06-24,Organic/Eco-friendly,M,50,3.5,0,175.0,140.0,ไปรษณีย์ไทย,BATCH-018
ORD-0385,2023-06-23,Organic/Eco-friendly,S,50,2.5,0,125.0,100.0,J&T,BATCH-006
ORD-0386,2023-08-12,Skincare/Cosmetics,M,150,3.5,0,525.0,420.0,ไปรษณีย์ไทย,BATCH-029
ORD-0387,2023-06-06,Skincare/Cosmetics,M,100,3.5,50,400.0,280.0,J&T,BATCH-042
ORD-0388,2023-01-13,Organic/Eco-friendly,L,150,5.0,100,850.0,600.0,J&T,BATCH-030
ORD-0389,2023-05-19,Skincare/Cosmetics,L,100,5.0,40,540.0,400.0,J&T,BATCH-050
ORD-0390,2023-07-21,Organic/Eco-friendly,S,50,2.5,0,125.0,100.0,ไปรษณีย์ไทย,BATCH-050
ORD-0391,2023-08-25,เสื้อผ้าแฟชั่น,L,100,5.0,100,600.0,400.0,J&T,BATCH-006
ORD-0392,2023-07-07,เสื้อผ้าแฟชั่น,L,200,5.0,100,1100.0,800.0,J&T,BATCH-013
ORD-0393,2023-07-09,Skincare/Cosmetics,S,80,2.5,0,200.0,160.0,J&T,BATCH-018
ORD-0394,2023-06-23,Skincare/Cosmetics,L,100,5.0,50,550.0,400.0,ไปรษณีย์ไทย,BATCH-043
ORD-0395,2023-08-12,เสื้อผ้าแฟชั่น,M,500,3.5,100,1850.0,1400.0,Flash,BATCH-025
ORD-0396,2023-06-26,เสื้อผ้าแฟชั่น,L,200,5.0,50,1050.0,800.0,Flash,BATCH-033
ORD-0397,2023-03-23,Skincare/Cosmetics,L,150,5.0,0,750.0,600.0,J&T,BATCH-045
ORD-0398,2023-04-23,Skincare/Cosmetics,M,100,3.5,100,450.0,280.0,ไปรษณีย์ไทย,BATCH-012
ORD-0399,2023-01-05,Organic/Eco-friendly,L,300,5.0,50,1550.0,1200.0,Flash,BATCH-042
ORD-0400,2023-09-23,Organic/Eco-friendly,M,80,3.5,0,280.0,224.0,ไปรษณีย์ไทย,BATCH-030
ORD-0401,2023-03-18,Skincare/Cosmetics,S,100,2.5,0,250.0,200.0,J&T,BATCH-011
ORD-0402,2023-01-29,Organic/Eco-friendly,S,100,2.5,0,250.0,200.0,J&T,BATCH-035
ORD-0403,2023-01-16,เสื้อผ้าแฟชั่น,L,200,5.0,0,1000.0,800.0,J&T,BATCH-012
ORD-0404,2023-10-16,เสื้อผ้าแฟชั่น,S,50,2.5,0,125.0,100.0,ไปรษณีย์ไทย,BATCH-036
ORD-0405,2023-09-27,เสื้อผ้าแฟชั่น,L,150,5.0,40,790.0,600.0,J&T,BATCH-035
ORD-0406,2023-04-21,เสื้อผ้าแฟชั่น,S,300,2.5,0,750.0,600.0,J&T,BATCH-022
ORD-0407,2023-01-03,เสื้อผ้าแฟชั่น,L,500,5.0,50,2550.0,2000.0,ไปรษณีย์ไทย,BATCH-001
ORD-0408,2023-06-20,เสื้อผ้าแฟชั่น,L,300,5.0,40,1540.0,1200.0,ไปรษณีย์ไทย,BATCH-003
ORD-0409,2023-04-26,Organic/Eco-friendly,L,100,5.0,0,500.0,400.0,ไปรษณีย์ไทย,BATCH-019
ORD-0410,2023-01-27,เสื้อผ้าแฟชั่น,L,100,5.0,40,540.0,400.0,Flash,BATCH-035
ORD-0411,2023-08-14,Skincare/Cosmetics,L,50,5.0,0,250.0,200.0,ไปรษณีย์ไทย,BATCH-024
ORD-0412,2023-10-01,Organic/Eco-friendly,L,300,5.0,0,1500.0,1200.0,J&T,BATCH-005
ORD-0413,2023-09-23,เสื้อผ้าแฟชั่น,M,150,3.5,100,625.0,420.0,Flash,BATCH-032
ORD-0414,2023-04-06,เสื้อผ้าแฟชั่น,L,500,5.0,100,2600.0,2000.0,Flash,BATCH-029
ORD-0415,2023-04-01,Skincare/Cosmetics,S,500,2.5,100,1350.0,1000.0,J&T,BATCH-006
ORD-0416,2023-01-21,เสื้อผ้าแฟชั่น,L,300,5.0,0,1500.0,1200.0,J&T,BATCH-041
ORD-0417,2023-01-03,Organic/Eco-friendly,S,200,2.5,40,540.0,400.0,J&T,BATCH-039
ORD-0418,2023-05-24,Skincare/Cosmetics,S,50,2.5,0,125.0,100.0,J&T,BATCH-047
ORD-0419,2023-09-11,Skincare/Cosmetics,L,80,5.0,0,400.0,320.0,J&T,BATCH-027
ORD-0420,2023-07-26,Skincare/Cosmetics,L,500,5.0,0,2500.0,2000.0,ไปรษณีย์ไทย,BATCH-046
ORD-0421,2023-06-08,เสื้อผ้าแฟชั่น,M,150,3.5,40,565.0,420.0,J&T,BATCH-010
ORD-0422,2023-04-29,เสื้อผ้าแฟชั่น,S,200,2.5,50,550.0,400.0,ไปรษณีย์ไทย,BATCH-045
ORD-0423,2023-07-10,เสื้อผ้าแฟชั่น,M,300,3.5,50,1100.0,840.0,ไปรษณีย์ไทย,BATCH-012
ORD-0424,2023-07-14,Organic/Eco-friendly,S,100,2.5,40,290.0,200.0,J&T,BATCH-027
ORD-0425,2023-03-14,เสื้อผ้าแฟชั่น,S,500,2.5,40,1290.0,1000.0,Flash,BATCH-003
ORD-0426,2023-01-05,Skincare/Cosmetics,M,150,3.5,50,575.0,420.0,J&T,BATCH-042
ORD-0427,2023-05-27,Organic/Eco-friendly,L,300,5.0,50,1550.0,1200.0,ไปรษณีย์ไทย,BATCH-004
ORD-0428,2023-04-01,เสื้อผ้าแฟชั่น,L,200,5.0,50,1050.0,800.0,Flash,BATCH-029
ORD-0429,2023-07-04,เสื้อผ้าแฟชั่น,S,50,2.5,0,125.0,100.0,Flash,BATCH-044
ORD-0430,2023-09-09,Organic/Eco-friendly,L,80,5.0,0,400.0,320.0,Flash,BATCH-039
ORD-0431,2023-06-20,Organic/Eco-friendly,S,50,2.5,0,125.0,100.0,J&T,BATCH-034
ORD-0432,2023-09-12,Skincare/Cosmetics,M,50,3.5,0,175.0,140.0,ไปรษณีย์ไทย,BATCH-048
ORD-0433,2023-06-19,Organic/Eco-friendly,L,100,5.0,0,500.0,400.0,Flash,BATCH-022
ORD-0434,2023-10-28,Organic/Eco-friendly,S,500,2.5,40,1290.0,1000.0,Flash,BATCH-043
ORD-0435,2023-01-01,เสื้อผ้าแฟชั่น,M,50,3.5,0,175.0,140.0,J&T,BATCH-018
ORD-0436,2023-04-04,Skincare/Cosmetics,L,200,5.0,40,1040.0,800.0,Flash,BATCH-019
ORD-0437,2023-06-24,Skincare/Cosmetics,L,100,5.0,0,500.0,400.0,Flash,BATCH-034
ORD-0438,2023-06-04,เสื้อผ้าแฟชั่น,M,100,3.5,40,390.0,280.0,Flash,BATCH-001
ORD-0439,2023-02-02,Organic/Eco-friendly,L,200,5.0,50,1050.0,800.0,ไปรษณีย์ไทย,BATCH-035
ORD-0440,2023-07-01,เสื้อผ้าแฟชั่น,S,500,2.5,100,1350.0,1000.0,J&T,BATCH-011
ORD-0441,2023-01-07,Skincare/Cosmetics,L,80,5.0,0,400.0,320.0,Flash,BATCH-003
ORD-0442,2023-05-28,Organic/Eco-friendly,S,300,2.5,100,850.0,600.0,J&T,BATCH-011
ORD-0443,2023-04-16,เสื้อผ้าแฟชั่น,S,300,2.5,50,800.0,600.0,Flash,BATCH-034
ORD-0444,2023-08-04,เสื้อผ้าแฟชั่น,L,80,5.0,0,400.0,320.0,J&T,BATCH-007
ORD-0445,2023-08-31,Organic/Eco-friendly,L,500,5.0,0,2500.0,2000.0,ไปรษณีย์ไทย,BATCH-008
ORD-0446,2023-09-10,Skincare/Cosmetics,M,300,3.5,50,1100.0,840.0,J&T,BATCH-002
ORD-0447,2023-05-23,Organic/Eco-friendly,S,50,2.5,0,125.0,100.0,Flash,BATCH-001
ORD-0448,2023-07-20,Skincare/Cosmetics,M,150,3.5,40,565.0,420.0,J&T,BATCH-040
ORD-0449,2023-08-29,Organic/Eco-friendly,L,150,5.0,0,750.0,600.0,ไปรษณีย์ไทย,BATCH-017
ORD-0450,2023-06-04,Skincare/Cosmetics,S,200,2.5,50,550.0,400.0,ไปรษณีย์ไทย,BATCH-050
ORD-0451,2023-08-22,Skincare/Cosmetics,S,50,2.5,0,125.0,100.0,Flash,BATCH-005
ORD-0452,2023-08-08,Skincare/Cosmetics,L,50,5.0,0,250.0,200.0,J&T,BATCH-005
ORD-0453,2023-05-12,เสื้อผ้าแฟชั่น,S,80,2.5,0,200.0,160.0,J&T,BATCH-044
ORD-0454,2023-02-13,Organic/Eco-friendly,S,200,2.5,50,550.0,400.0,Flash,BATCH-024
ORD-0455,2023-04-04,Skincare/Cosmetics,L,50,5.0,0,250.0,200.0,ไปรษณีย์ไทย,BATCH-049
ORD-0456,2023-09-16,เสื้อผ้าแฟชั่น,S,50,2.5,0,125.0,100.0,Flash,BATCH-022
ORD-0457,2023-10-28,Organic/Eco-friendly,M,80,3.5,0,280.0,224.0,Flash,BATCH-023
ORD-0458,2023-09-24,เสื้อผ้าแฟชั่น,L,50,5.0,0,250.0,200.0,J&T,BATCH-024
ORD-0459,2023-01-13,เสื้อผ้าแฟชั่น,M,150,3.5,50,575.0,420.0,Flash,BATCH-022
ORD-0460,2023-05-05,เสื้อผ้าแฟชั่น,M,200,3.5,50,750.0,560.0,ไปรษณีย์ไทย,BATCH-032
ORD-0461,2023-08-07,เสื้อผ้าแฟชั่น,L,100,5.0,40,540.0,400.0,Flash,BATCH-010
ORD-0462,2023-01-20,Skincare/Cosmetics,L,50,5.0,0,250.0,200.0,ไปรษณีย์ไทย,BATCH-019
ORD-0463,2023-06-17,เสื้อผ้าแฟชั่น,L,100,5.0,40,540.0,400.0,Flash,BATCH-008
ORD-0464,2023-02-03,Skincare/Cosmetics,M,300,3.5,40,1090.0,840.0,ไปรษณีย์ไทย,BATCH-035
ORD-0465,2023-08-26,เสื้อผ้าแฟชั่น,M,100,3.5,0,350.0,280.0,ไปรษณีย์ไทย,BATCH-018
ORD-0466,2023-05-17,Organic/Eco-friendly,S,150,2.5,50,425.0,300.0,J&T,BATCH-039
ORD-0467,2023-01-19,Skincare/Cosmetics,L,100,5.0,50,550.0,400.0,J&T,BATCH-010
ORD-0468,2023-07-03,Skincare/Cosmetics,L,500,5.0,0,2500.0,2000.0,J&T,BATCH-050
ORD-0469,2023-02-26,เสื้อผ้าแฟชั่น,M,150,3.5,50,575.0,420.0,Flash,BATCH-030
ORD-0470,2023-09-27,Skincare/Cosmetics,M,150,3.5,100,625.0,420.0,Flash,BATCH-017
ORD-0471,2023-04-10,Organic/Eco-friendly,S,150,2.5,0,375.0,300.0,Flash,BATCH-022
ORD-0472,2023-10-03,Skincare/Cosmetics,L,500,5.0,50,2550.0,2000.0,ไปรษณีย์ไทย,BATCH-042
ORD-0473,2023-04-23,Organic/Eco-friendly,L,100,5.0,0,500.0,400.0,J&T,BATCH-018
ORD-0474,2023-03-01,เสื้อผ้าแฟชั่น,S,500,2.5,100,1350.0,1000.0,ไปรษณีย์ไทย,BATCH-043
ORD-0475,2023-01-12,เสื้อผ้าแฟชั่น,M,80,3.5,0,280.0,224.0,Flash,BATCH-004
ORD-0476,2023-05-27,เสื้อผ้าแฟชั่น,M,150,3.5,50,575.0,420.0,ไปรษณีย์ไทย,BATCH-028
ORD-0477,2023-07-10,เสื้อผ้าแฟชั่น,L,200,5.0,100,1100.0,800.0,ไปรษณีย์ไทย,BATCH-038
ORD-0478,2023-04-27,Skincare/Cosmetics,L,80,5.0,0,400.0,320.0,J&T,BATCH-050
ORD-0479,2023-05-01,Organic/Eco-friendly,S,100,2.5,50,300.0,200.0,ไปรษณีย์ไทย,BATCH-035
ORD-0480,2023-06-30,เสื้อผ้าแฟชั่น,L,80,5.0,0,400.0,320.0,ไปรษณีย์ไทย,BATCH-046
ORD-0481,2023-04-23,Skincare/Cosmetics,M,100,3.5,100,450.0,280.0,Flash,BATCH-013
ORD-0482,2023-02-04,Organic/Eco-friendly,M,50,3.5,0,175.0,140.0,J&T,BATCH-036
ORD-0483,2023-10-27,Organic/Eco-friendly,S,200,2.5,50,550.0,400.0,Flash,BATCH-045
ORD-0484,2023-01-23,Skincare/Cosmetics,M,150,3.5,100,625.0,420.0,J&T,BATCH-048
ORD-0485,2023-06-01,Skincare/Cosmetics,L,500,5.0,50,2550.0,2000.0,J&T,BATCH-020
ORD-0486,2023-09-07,Organic/Eco-friendly,M,500,3.5,0,1750.0,1400.0,J&T,BATCH-047
ORD-0487,2023-04-23,เสื้อผ้าแฟชั่น,S,200,2.5,50,550.0,400.0,J&T,BATCH-016
ORD-0488,2023-07-08,Skincare/Cosmetics,S,200,2.5,40,540.0,400.0,J&T,BATCH-016
ORD-0489,2023-06-29,Organic/Eco-friendly,M,300,3.5,50,1100.0,840.0,Flash,BATCH-046
ORD-0490,2023-04-14,Skincare/Cosmetics,S,150,2.5,50,425.0,300.0,Flash,BATCH-003
ORD-0491,2023-09-29,Skincare/Cosmetics,M,200,3.5,100,800.0,560.0,Flash,BATCH-038
ORD-0492,2023-03-17,Organic/Eco-friendly,M,500,3.5,50,1800.0,1400.0,Flash,BATCH-022
ORD-0493,2023-07-01,Organic/Eco-friendly,M,150,3.5,40,565.0,420.0,J&T,BATCH-047
ORD-0494,2023-02-08,Skincare/Cosmetics,L,500,5.0,100,2600.0,2000.0,Flash,BATCH-002
ORD-0495,2023-08-11,Organic/Eco-friendly,M,300,3.5,100,1150.0,840.0,Flash,BATCH-041
ORD-0496,2023-06-02,เสื้อผ้าแฟชั่น,M,300,3.5,40,1090.0,840.0,J&T,BATCH-049
ORD-0497,2023-03-10,Organic/Eco-friendly,M,500,3.5,100,1850.0,1400.0,ไปรษณีย์ไทย,BATCH-031
ORD-0498,2023-04-08,Skincare/Cosmetics,L,50,5.0,0,250.0,200.0,Flash,BATCH-039
ORD-0499,2023-09-18,Skincare/Cosmetics,M,500,3.5,50,1800.0,1400.0,J&T,BATCH-030
ORD-0500,2023-01-10,Organic/Eco-friendly,M,150,3.5,50,575.0,420.0,J&T,BATCH-022
ORD-0501,2023-02-01,Organic/Eco-friendly,S,200,2.5,50,550.0,400.0,ไปรษณีย์ไทย,BATCH-022
ORD-0502,2023-04-10,เสื้อผ้าแฟชั่น,L,50,5.0,0,250.0,200.0,J&T,BATCH-044
ORD-0503,2023-03-17,Organic/Eco-friendly,S,50,2.5,0,125.0,100.0,J&T,BATCH-005
ORD-0504,2023-04-21,Organic/Eco-friendly,S,150,2.5,100,475.0,300.0,ไปรษณีย์ไทย,BATCH-009
ORD-0505,2023-05-25,Organic/Eco-friendly,L,50,5.0,0,250.0,200.0,J&T,BATCH-043
ORD-0506,2023-05-30,Organic/Eco-friendly,M,50,3.5,0,175.0,140.0,ไปรษณีย์ไทย,BATCH-041
ORD-0507,2023-01-12,Skincare/Cosmetics,M,50,3.5,0,175.0,140.0,J&T,BATCH-014
ORD-0508,2023-09-29,เสื้อผ้าแฟชั่น,S,300,2.5,0,750.0,600.0,Flash,BATCH-037
ORD-0509,2023-05-04,Organic/Eco-friendly,S,150,2.5,40,415.0,300.0,ไปรษณีย์ไทย,BATCH-033
ORD-0510,2023-02-13,Organic/Eco-friendly,L,150,5.0,0,750.0,600.0,J&T,BATCH-029
ORD-0511,2023-02-14,เสื้อผ้าแฟชั่น,S,200,2.5,0,500.0,400.0,Flash,BATCH-022
ORD-0512,2023-02-06,Organic/Eco-friendly,S,50,2.5,0,125.0,100.0,ไปรษณีย์ไทย,BATCH-039
ORD-0513,2023-05-10,เสื้อผ้าแฟชั่น,S,300,2.5,50,800.0,600.0,ไปรษณีย์ไทย,BATCH-036
ORD-0514,2023-05-04,Skincare/Cosmetics,M,300,3.5,0,1050.0,840.0,Flash,BATCH-010
ORD-0515,2023-01-14,Skincare/Cosmetics,M,50,3.5,0,175.0,140.0,ไปรษณีย์ไทย,BATCH-015
ORD-0516,2023-07-22,Skincare/Cosmetics,M,300,3.5,100,1150.0,840.0,Flash,BATCH-016
ORD-0517,2023-05-22,Skincare/Cosmetics,S,500,2.5,100,1350.0,1000.0,J&T,BATCH-037
ORD-0518,2023-08-16,Skincare/Cosmetics,M,50,3.5,0,175.0,140.0,ไปรษณีย์ไทย,BATCH-004
ORD-0519,2023-07-30,Organic/Eco-friendly,L,100,5.0,40,540.0,400.0,J&T,BATCH-024
ORD-0520,2023-10-07,Skincare/Cosmetics,M,500,3.5,50,1800.0,1400.0,ไปรษณีย์ไทย,BATCH-003
ORD-0521,2023-10-10,เสื้อผ้าแฟชั่น,M,150,3.5,0,525.0,420.0,ไปรษณีย์ไทย,BATCH-002
ORD-0522,2023-06-18,Skincare/Cosmetics,L,300,5.0,40,1540.0,1200.0,ไปรษณีย์ไทย,BATCH-044
ORD-0523,2023-07-08,Organic/Eco-friendly,S,50,2.5,0,125.0,100.0,J&T,BATCH-048
ORD-0524,2023-01-15,Organic/Eco-friendly,S,50,2.5,0,125.0,100.0,J&T,BATCH-020
ORD-0525,2023-06-30,เสื้อผ้าแฟชั่น,M,50,3.5,0,175.0,140.0,J&T,BATCH-048
ORD-0526,2023-05-18,Organic/Eco-friendly,M,100,3.5,0,350.0,280.0,Flash,BATCH-003
ORD-0527,2023-07-16,Skincare/Cosmetics,S,50,2.5,0,125.0,100.0,J&T,BATCH-005
ORD-0528,2023-02-26,Skincare/Cosmetics,L,300,5.0,0,1500.0,1200.0,J&T,BATCH-018
ORD-0529,2023-03-09,Organic/Eco-friendly,M,200,3.5,0,700.0,560.0,J&T,BATCH-038
ORD-0530,2023-08-22,เสื้อผ้าแฟชั่น,S,150,2.5,0,375.0,300.0,J&T,BATCH-021
ORD-0531,2023-07-05,Skincare/Cosmetics,M,150,3.5,50,575.0,420.0,ไปรษณีย์ไทย,BATCH-014
ORD-0532,2023-05-19,เสื้อผ้าแฟชั่น,M,300,3.5,100,1150.0,840.0,J&T,BATCH-013
ORD-0533,2023-02-19,เสื้อผ้าแฟชั่น,M,80,3.5,0,280.0,224.0,J&T,BATCH-050
ORD-0534,2023-05-06,Skincare/Cosmetics,S,80,2.5,0,200.0,160.0,Flash,BATCH-050
ORD-0535,2023-01-21,Skincare/Cosmetics,S,100,2.5,0,250.0,200.0,ไปรษณีย์ไทย,BATCH-006
ORD-0536,2023-07-08,Skincare/Cosmetics,L,300,5.0,100,1600.0,1200.0,ไปรษณีย์ไทย,BATCH-011
ORD-0537,2023-09-07,Organic/Eco-friendly,S,50,2.5,0,125.0,100.0,ไปรษณีย์ไทย,BATCH-036
ORD-0538,2023-10-08,Skincare/Cosmetics,L,80,5.0,0,400.0,320.0,J&T,BATCH-042
ORD-0539,2023-02-13,Skincare/Cosmetics,L,50,5.0,0,250.0,200.0,ไปรษณีย์ไทย,BATCH-044
ORD-0540,2023-10-12,เสื้อผ้าแฟชั่น,L,150,5.0,50,800.0,600.0,ไปรษณีย์ไทย,BATCH-024
ORD-0541,2023-02-13,Skincare/Cosmetics,L,200,5.0,0,1000.0,800.0,Flash,BATCH-027
ORD-0542,2023-05-12,Organic/Eco-friendly,M,50,3.5,0,175.0,140.0,J&T,BATCH-033
ORD-0543,2023-08-10,Organic/Eco-friendly,L,50,5.0,0,250.0,200.0,ไปรษณีย์ไทย,BATCH-028
ORD-0544,2023-06-18,Organic/Eco-friendly,L,80,5.0,0,400.0,320.0,Flash,BATCH-009
ORD-0545,2023-09-11,เสื้อผ้าแฟชั่น,M,50,3.5,0,175.0,140.0,ไปรษณีย์ไทย,BATCH-004
ORD-0546,2023-03-13,เสื้อผ้าแฟชั่น,L,100,5.0,40,540.0,400.0,J&T,BATCH-013
ORD-0547,2023-05-19,เสื้อผ้าแฟชั่น,S,150,2.5,50,425.0,300.0,J&T,BATCH-033
ORD-0548,2023-07-21,เสื้อผ้าแฟชั่น,L,80,5.0,0,400.0,320.0,ไปรษณีย์ไทย,BATCH-044
ORD-0549,2023-03-05,Organic/Eco-friendly,S,150,2.5,50,425.0,300.0,ไปรษณีย์ไทย,BATCH-008
ORD-0550,2023-08-01,เสื้อผ้าแฟชั่น,M,50,3.5,0,175.0,140.0,Flash,BATCH-045
ORD-0551,2023-10-22,Skincare/Cosmetics,L,100,5.0,0,500.0,400.0,ไปรษณีย์ไทย,BATCH-047
ORD-0552,2023-05-02,Organic/Eco-friendly,L,200,5.0,100,1100.0,800.0,J&T,BATCH-012
ORD-0553,2023-09-07,เสื้อผ้าแฟชั่น,S,150,2.5,0,375.0,300.0,ไปรษณีย์ไทย,BATCH-047
ORD-0554,2023-05-19,เสื้อผ้าแฟชั่น,S,80,2.5,0,200.0,160.0,J&T,BATCH-025
ORD-0555,2023-06-07,เสื้อผ้าแฟชั่น,L,80,5.0,0,400.0,320.0,J&T,BATCH-004
ORD-0556,2023-08-24,Organic/Eco-friendly,L,100,5.0,100,600.0,400.0,J&T,BATCH-002
ORD-0557,2023-01-05,Organic/Eco-friendly,S,500,2.5,100,1350.0,1000.0,Flash,BATCH-026
ORD-0558,2023-07-30,เสื้อผ้าแฟชั่น,L,150,5.0,100,850.0,600.0,Flash,BATCH-025
ORD-0559,2023-06-17,เสื้อผ้าแฟชั่น,S,100,2.5,100,350.0,200.0,Flash,BATCH-013
ORD-0560,2023-06-16,Skincare/Cosmetics,M,500,3.5,100,1850.0,1400.0,ไปรษณีย์ไทย,BATCH-002
ORD-0561,2023-06-08,Skincare/Cosmetics,M,50,3.5,0,175.0,140.0,ไปรษณีย์ไทย,BATCH-037
ORD-0562,2023-02-02,เสื้อผ้าแฟชั่น,M,80,3.5,0,280.0,224.0,Flash,BATCH-022
ORD-0563,2023-01-15,เสื้อผ้าแฟชั่น,M,500,3.5,40,1790.0,1400.0,Flash,BATCH-029
ORD-0564,2023-09-26,Skincare/Cosmetics,M,150,3.5,40,565.0,420.0,Flash,BATCH-043
ORD-0565,2023-03-04,Organic/Eco-friendly,M,200,3.5,50,750.0,560.0,Flash,BATCH-029
ORD-0566,2023-09-23,Skincare/Cosmetics,L,80,5.0,0,400.0,320.0,Flash,BATCH-011
ORD-0567,2023-10-28,Skincare/Cosmetics,L,300,5.0,50,1550.0,1200.0,ไปรษณีย์ไทย,BATCH-013
ORD-0568,2023-09-27,เสื้อผ้าแฟชั่น,S,150,2.5,50,425.0,300.0,ไปรษณีย์ไทย,BATCH-004
ORD-0569,2023-01-04,Organic/Eco-friendly,S,50,2.5,0,125.0,100.0,J&T,BATCH-027
ORD-0570,2023-10-13,Skincare/Cosmetics,S,500,2.5,100,1350.0,1000.0,ไปรษณีย์ไทย,BATCH-005
ORD-0571,2023-09-13,Organic/Eco-friendly,L,200,5.0,50,1050.0,800.0,ไปรษณีย์ไทย,BATCH-037
ORD-0572,2023-05-28,เสื้อผ้าแฟชั่น,S,150,2.5,100,475.0,300.0,ไปรษณีย์ไทย,BATCH-041
ORD-0573,2023-08-22,Skincare/Cosmetics,L,100,5.0,100,600.0,400.0,Flash,BATCH-049
ORD-0574,2023-01-26,Organic/Eco-friendly,S,80,2.5,0,200.0,160.0,J&T,BATCH-043
ORD-0575,2023-01-06,Skincare/Cosmetics,S,80,2.5,0,200.0,160.0,Flash,BATCH-036
ORD-0576,2023-02-27,Organic/Eco-friendly,L,100,5.0,50,550.0,400.0,ไปรษณีย์ไทย,BATCH-008
ORD-0577,2023-07-15,Organic/Eco-friendly,L,500,5.0,40,2540.0,2000.0,Flash,BATCH-039
ORD-0578,2023-09-02,เสื้อผ้าแฟชั่น,L,150,5.0,0,750.0,600.0,J&T,BATCH-042
ORD-0579,2023-05-23,Skincare/Cosmetics,L,200,5.0,40,1040.0,800.0,ไปรษณีย์ไทย,BATCH-029
ORD-0580,2023-06-25,เสื้อผ้าแฟชั่น,M,150,3.5,0,525.0,420.0,Flash,BATCH-011
ORD-0581,2023-06-01,เสื้อผ้าแฟชั่น,L,300,5.0,50,1550.0,1200.0,J&T,BATCH-038
ORD-0582,2023-03-23,Skincare/Cosmetics,M,100,3.5,100,450.0,280.0,Flash,BATCH-011
ORD-0583,2023-02-28,เสื้อผ้าแฟชั่น,M,80,3.5,0,280.0,224.0,J&T,BATCH-001
ORD-0584,2023-04-04,Skincare/Cosmetics,M,500,3.5,0,1750.0,1400.0,J&T,BATCH-038
ORD-0585,2023-09-03,เสื้อผ้าแฟชั่น,S,500,2.5,40,1290.0,1000.0,ไปรษณีย์ไทย,BATCH-044
ORD-0586,2023-09-27,Skincare/Cosmetics,L,200,5.0,50,1050.0,800.0,J&T,BATCH-037
ORD-0587,2023-06-14,เสื้อผ้าแฟชั่น,S,300,2.5,100,850.0,600.0,ไปรษณีย์ไทย,BATCH-014
ORD-0588,2023-09-06,เสื้อผ้าแฟชั่น,S,200,2.5,40,540.0,400.0,ไปรษณีย์ไทย,BATCH-039
ORD-0589,2023-08-23,เสื้อผ้าแฟชั่น,S,300,2.5,40,790.0,600.0,Flash,BATCH-030
ORD-0590,2023-03-27,เสื้อผ้าแฟชั่น,S,50,2.5,0,125.0,100.0,ไปรษณีย์ไทย,BATCH-031
ORD-0591,2023-10-18,เสื้อผ้าแฟชั่น,L,500,5.0,40,2540.0,2000.0,Flash,BATCH-040
ORD-0592,2023-04-08,Skincare/Cosmetics,M,80,3.5,0,280.0,224.0,J&T,BATCH-003
ORD-0593,2023-08-21,Organic/Eco-friendly,S,150,2.5,40,415.0,300.0,J&T,BATCH-047
ORD-0594,2023-01-09,เสื้อผ้าแฟชั่น,M,100,3.5,0,350.0,280.0,Flash,BATCH-024
ORD-0595,2023-02-09,Skincare/Cosmetics,S,200,2.5,50,550.0,400.0,J&T,BATCH-031
ORD-0596,2023-03-14,Organic/Eco-friendly,S,150,2.5,100,475.0,300.0,Flash,BATCH-023
ORD-0597,2023-07-16,เสื้อผ้าแฟชั่น,L,300,5.0,100,1600.0,1200.0,J&T,BATCH-016
ORD-0598,2023-07-20,Organic/Eco-friendly,S,500,2.5,50,1300.0,1000.0,ไปรษณีย์ไทย,BATCH-021
ORD-0599,2023-07-04,Organic/Eco-friendly,M,500,3.5,40,1790.0,1400.0,J&T,BATCH-020
ORD-0600,2023-03-27,Skincare/Cosmetics,M,300,3.5,100,1150.0,840.0,ไปรษณีย์ไทย,BATCH-049
ORD-0601,2023-08-23,Organic/Eco-friendly,S,50,2.5,0,125.0,100.0,J&T,BATCH-027
ORD-0602,2023-01-08,เสื้อผ้าแฟชั่น,S,50,2.5,0,125.0,100.0,Flash,BATCH-005
ORD-0603,2023-07-11,Skincare/Cosmetics,S,50,2.5,0,125.0,100.0,ไปรษณีย์ไทย,BATCH-045
ORD-0604,2023-01-24,Skincare/Cosmetics,S,300,2.5,0,750.0,600.0,Flash,BATCH-014
ORD-0605,2023-04-04,Skincare/Cosmetics,L,200,5.0,40,1040.0,800.0,J&T,BATCH-049
ORD-0606,2023-09-24,เสื้อผ้าแฟชั่น,M,50,3.5,0,175.0,140.0,ไปรษณีย์ไทย,BATCH-041
ORD-0607,2023-03-26,เสื้อผ้าแฟชั่น,S,200,2.5,0,500.0,400.0,Flash,BATCH-045
ORD-0608,2023-10-15,เสื้อผ้าแฟชั่น,S,500,2.5,40,1290.0,1000.0,ไปรษณีย์ไทย,BATCH-047
ORD-0609,2023-04-12,Organic/Eco-friendly,S,300,2.5,0,750.0,600.0,J&T,BATCH-015
ORD-0610,2023-09-23,Organic/Eco-friendly,S,150,2.5,40,415.0,300.0,ไปรษณีย์ไทย,BATCH-044
ORD-0611,2023-03-22,Skincare/Cosmetics,S,500,2.5,50,1300.0,1000.0,ไปรษณีย์ไทย,BATCH-011
ORD-0612,2023-06-13,Organic/Eco-friendly,L,500,5.0,0,2500.0,2000.0,ไปรษณีย์ไทย,BATCH-019
ORD-0613,2023-07-12,เสื้อผ้าแฟชั่น,L,300,5.0,100,1600.0,1200.0,Flash,BATCH-005
ORD-0614,2023-09-01,เสื้อผ้าแฟชั่น,S,150,2.5,100,475.0,300.0,Flash,BATCH-024
ORD-0615,2023-08-04,Organic/Eco-friendly,S,50,2.5,0,125.0,100.0,Flash,BATCH-036
ORD-0616,2023-02-04,Organic/Eco-friendly,L,80,5.0,0,400.0,320.0,J&T,BATCH-007
ORD-0617,2023-04-30,เสื้อผ้าแฟชั่น,S,100,2.5,50,300.0,200.0,J&T,BATCH-045
ORD-0618,2023-03-08,Skincare/Cosmetics,S,500,2.5,100,1350.0,1000.0,J&T,BATCH-014
ORD-0619,2023-02-26,เสื้อผ้าแฟชั่น,L,100,5.0,0,500.0,400.0,J&T,BATCH-043
ORD-0620,2023-05-12,Organic/Eco-friendly,M,300,3.5,0,1050.0,840.0,J&T,BATCH-032
ORD-0621,2023-06-10,Organic/Eco-friendly,L,100,5.0,40,540.0,400.0,J&T,BATCH-049
ORD-0622,2023-10-03,Organic/Eco-friendly,S,80,2.5,0,200.0,160.0,ไปรษณีย์ไทย,BATCH-011
ORD-0623,2023-02-12,Organic/Eco-friendly,M,100,3.5,100,450.0,280.0,Flash,BATCH-017
ORD-0624,2023-06-17,Skincare/Cosmetics,M,100,3.5,50,400.0,280.0,ไปรษณีย์ไทย,BATCH-005
ORD-0625,2023-06-12,เสื้อผ้าแฟชั่น,M,500,3.5,50,1800.0,1400.0,Flash,BATCH-013
ORD-0626,2023-05-05,Skincare/Cosmetics,S,200,2.5,40,540.0,400.0,ไปรษณีย์ไทย,BATCH-015
ORD-0627,2023-10-04,เสื้อผ้าแฟชั่น,L,80,5.0,0,400.0,320.0,Flash,BATCH-035
ORD-0628,2023-05-15,Organic/Eco-friendly,M,80,3.5,0,280.0,224.0,J&T,BATCH-026
ORD-0629,2023-05-22,Organic/Eco-friendly,M,300,3.5,100,1150.0,840.0,J&T,BATCH-024
ORD-0630,2023-08-10,Organic/Eco-friendly,S,80,2.5,0,200.0,160.0,J&T,BATCH-038
ORD-0631,2023-05-08,Organic/Eco-friendly,S,50,2.5,0,125.0,100.0,ไปรษณีย์ไทย,BATCH-001
ORD-0632,2023-06-26,เสื้อผ้าแฟชั่น,M,100,3.5,50,400.0,280.0,Flash,BATCH-046
ORD-0633,2023-09-10,เสื้อผ้าแฟชั่น,M,500,3.5,50,1800.0,1400.0,ไปรษณีย์ไทย,BATCH-019
ORD-0634,2023-04-23,Organic/Eco-friendly,M,80,3.5,0,280.0,224.0,J&T,BATCH-042
ORD-0635,2023-09-08,เสื้อผ้าแฟชั่น,S,200,2.5,40,540.0,400.0,J&T,BATCH-001
ORD-0636,2023-02-12,Skincare/Cosmetics,L,50,5.0,0,250.0,200.0,Flash,BATCH-045
ORD-0637,2023-10-01,เสื้อผ้าแฟชั่น,L,150,5.0,0,750.0,600.0,J&T,BATCH-027
ORD-0638,2023-03-20,เสื้อผ้าแฟชั่น,S,500,2.5,100,1350.0,1000.0,J&T,BATCH-036
ORD-0639,2023-05-23,Organic/Eco-friendly,L,50,5.0,0,250.0,200.0,ไปรษณีย์ไทย,BATCH-019
ORD-0640,2023-04-15,Organic/Eco-friendly,L,50,5.0,0,250.0,200.0,ไปรษณีย์ไทย,BATCH-001
ORD-0641,2023-01-19,เสื้อผ้าแฟชั่น,M,100,3.5,40,390.0,280.0,J&T,BATCH-028
ORD-0642,2023-10-16,Skincare/Cosmetics,M,50,3.5,0,175.0,140.0,ไปรษณีย์ไทย,BATCH-042
ORD-0643,2023-10-08,Organic/Eco-friendly,L,80,5.0,0,400.0,320.0,Flash,BATCH-024
ORD-0644,2023-07-01,Organic/Eco-friendly,S,100,2.5,100,350.0,200.0,Flash,BATCH-035
ORD-0645,2023-01-13,เสื้อผ้าแฟชั่น,M,50,3.5,0,175.0,140.0,ไปรษณีย์ไทย,BATCH-032
ORD-0646,2023-10-27,Organic/Eco-friendly,L,200,5.0,50,1050.0,800.0,J&T,BATCH-047
ORD-0647,2023-05-10,Skincare/Cosmetics,M,100,3.5,100,450.0,280.0,ไปรษณีย์ไทย,BATCH-009
ORD-0648,2023-04-21,เสื้อผ้าแฟชั่น,S,100,2.5,0,250.0,200.0,J&T,BATCH-023
ORD-0649,2023-10-20,Organic/Eco-friendly,S,50,2.5,0,125.0,100.0,ไปรษณีย์ไทย,BATCH-026
ORD-0650,2023-05-26,Skincare/Cosmetics,L,100,5.0,40,540.0,400.0,Flash,BATCH-015
ORD-0651,2023-02-27,Skincare/Cosmetics,L,500,5.0,100,2600.0,2000.0,ไปรษณีย์ไทย,BATCH-042
ORD-0652,2023-07-21,Skincare/Cosmetics,S,200,2.5,40,540.0,400.0,J&T,BATCH-039
ORD-0653,2023-04-03,Organic/Eco-friendly,M,300,3.5,100,1150.0,840.0,ไปรษณีย์ไทย,BATCH-033
ORD-0654,2023-03-20,Skincare/Cosmetics,S,500,2.5,50,1300.0,1000.0,Flash,BATCH-050
ORD-0655,2023-03-15,เสื้อผ้าแฟชั่น,M,300,3.5,100,1150.0,840.0,Flash,BATCH-026
ORD-0656,2023-05-20,Skincare/Cosmetics,M,150,3.5,100,625.0,420.0,Flash,BATCH-021
ORD-0657,2023-04-27,เสื้อผ้าแฟชั่น,S,80,2.5,0,200.0,160.0,Flash,BATCH-034
ORD-0658,2023-04-01,Skincare/Cosmetics,L,500,5.0,50,2550.0,2000.0,ไปรษณีย์ไทย,BATCH-031
ORD-0659,2023-04-26,เสื้อผ้าแฟชั่น,L,150,5.0,100,850.0,600.0,ไปรษณีย์ไทย,BATCH-002
ORD-0660,2023-05-31,Organic/Eco-friendly,S,300,2.5,40,790.0,600.0,ไปรษณีย์ไทย,BATCH-041
ORD-0661,2023-08-06,Organic/Eco-friendly,S,80,2.5,0,200.0,160.0,ไปรษณีย์ไทย,BATCH-028
ORD-0662,2023-03-18,เสื้อผ้าแฟชั่น,S,500,2.5,0,1250.0,1000.0,Flash,BATCH-039
ORD-0663,2023-08-24,เสื้อผ้าแฟชั่น,L,50,5.0,0,250.0,200.0,Flash,BATCH-030
ORD-0664,2023-03-04,Skincare/Cosmetics,M,100,3.5,40,390.0,280.0,J&T,BATCH-044
ORD-0665,2023-05-25,Organic/Eco-friendly,L,500,5.0,0,2500.0,2000.0,ไปรษณีย์ไทย,BATCH-046
ORD-0666,2023-08-05,Skincare/Cosmetics,L,300,5.0,100,1600.0,1200.0,Flash,BATCH-038
ORD-0667,2023-06-18,Skincare/Cosmetics,S,150,2.5,40,415.0,300.0,ไปรษณีย์ไทย,BATCH-020
ORD-0668,2023-10-06,Organic/Eco-friendly,L,80,5.0,0,400.0,320.0,ไปรษณีย์ไทย,BATCH-024
ORD-0669,2023-05-14,Organic/Eco-friendly,M,80,3.5,0,280.0,224.0,J&T,BATCH-008
ORD-0670,2023-03-26,เสื้อผ้าแฟชั่น,S,300,2.5,40,790.0,600.0,J&T,BATCH-005
ORD-0671,2023-06-09,Organic/Eco-friendly,L,300,5.0,100,1600.0,1200.0,J&T,BATCH-023
ORD-0672,2023-05-27,เสื้อผ้าแฟชั่น,M,100,3.5,40,390.0,280.0,ไปรษณีย์ไทย,BATCH-045
ORD-0673,2023-02-23,เสื้อผ้าแฟชั่น,M,500,3.5,0,1750.0,1400.0,ไปรษณีย์ไทย,BATCH-006
ORD-0674,2023-08-12,เสื้อผ้าแฟชั่น,M,50,3.5,0,175.0,140.0,Flash,BATCH-025
ORD-0675,2023-06-02,Skincare/Cosmetics,L,200,5.0,40,1040.0,800.0,J&T,BATCH-013
ORD-0676,2023-01-12,Organic/Eco-friendly,M,50,3.5,0,175.0,140.0,ไปรษณีย์ไทย,BATCH-022
ORD-0677,2023-01-10,Organic/Eco-friendly,S,150,2.5,0,375.0,300.0,Flash,BATCH-032
ORD-0678,2023-09-05,Skincare/Cosmetics,L,100,5.0,0,500.0,400.0,J&T,BATCH-002
ORD-0679,2023-05-25,Skincare/Cosmetics,S,150,2.5,50,425.0,300.0,Flash,BATCH-026
ORD-0680,2023-07-18,Organic/Eco-friendly,S,150,2.5,0,375.0,300.0,ไปรษณีย์ไทย,BATCH-017
ORD-0681,2023-05-06,Organic/Eco-friendly,L,500,5.0,50,2550.0,2000.0,Flash,BATCH-027
ORD-0682,2023-04-22,Skincare/Cosmetics,S,150,2.5,40,415.0,300.0,Flash,BATCH-045
ORD-0683,2023-01-27,Skincare/Cosmetics,S,500,2.5,100,1350.0,1000.0,J&T,BATCH-003
ORD-0684,2023-02-03,Organic/Eco-friendly,L,150,5.0,100,850.0,600.0,ไปรษณีย์ไทย,BATCH-010
ORD-0685,2023-09-17,เสื้อผ้าแฟชั่น,L,300,5.0,100,1600.0,1200.0,ไปรษณีย์ไทย,BATCH-016
ORD-0686,2023-09-01,เสื้อผ้าแฟชั่น,S,80,2.5,0,200.0,160.0,ไปรษณีย์ไทย,BATCH-028
ORD-0687,2023-09-13,เสื้อผ้าแฟชั่น,L,150,5.0,0,750.0,600.0,ไปรษณีย์ไทย,BATCH-020
ORD-0688,2023-03-03,Skincare/Cosmetics,S,150,2.5,50,425.0,300.0,ไปรษณีย์ไทย,BATCH-022
ORD-0689,2023-08-07,เสื้อผ้าแฟชั่น,M,150,3.5,40,565.0,420.0,ไปรษณีย์ไทย,BATCH-015
ORD-0690,2023-10-16,Organic/Eco-friendly,S,500,2.5,50,1300.0,1000.0,Flash,BATCH-005
ORD-0691,2023-05-17,Organic/Eco-friendly,S,200,2.5,100,600.0,400.0,ไปรษณีย์ไทย,BATCH-015
ORD-0692,2023-04-07,Organic/Eco-friendly,L,300,5.0,0,1500.0,1200.0,J&T,BATCH-033
ORD-0693,2023-10-05,Organic/Eco-friendly,L,500,5.0,40,2540.0,2000.0,ไปรษณีย์ไทย,BATCH-019
ORD-0694,2023-01-11,Skincare/Cosmetics,L,300,5.0,0,1500.0,1200.0,Flash,BATCH-021
ORD-0695,2023-02-10,Organic/Eco-friendly,L,300,5.0,0,1500.0,1200.0,J&T,BATCH-040
ORD-0696,2023-09-08,เสื้อผ้าแฟชั่น,S,300,2.5,100,850.0,600.0,ไปรษณีย์ไทย,BATCH-002
ORD-0697,2023-06-02,เสื้อผ้าแฟชั่น,M,100,3.5,100,450.0,280.0,Flash,BATCH-024
ORD-0698,2023-10-12,เสื้อผ้าแฟชั่น,L,300,5.0,40,1540.0,1200.0,Flash,BATCH-028
ORD-0699,2023-08-31,Organic/Eco-friendly,S,80,2.5,0,200.0,160.0,J&T,BATCH-046
ORD-0700,2023-03-28,Skincare/Cosmetics,L,500,5.0,100,2600.0,2000.0,ไปรษณีย์ไทย,BATCH-023
ORD-0701,2023-01-16,Organic/Eco-friendly,S,50,2.5,0,125.0,100.0,Flash,BATCH-008
ORD-0702,2023-01-29,Skincare/Cosmetics,M,80,3.5,0,280.0,224.0,Flash,BATCH-007
ORD-0703,2023-03-17,Skincare/Cosmetics,S,80,2.5,0,200.0,160.0,J&T,BATCH-020
ORD-0704,2023-07-13,Organic/Eco-friendly,S,100,2.5,50,300.0,200.0,Flash,BATCH-044
ORD-0705,2023-03-29,Organic/Eco-friendly,S,300,2.5,100,850.0,600.0,ไปรษณีย์ไทย,BATCH-023
ORD-0706,2023-07-21,Skincare/Cosmetics,L,50,5.0,0,250.0,200.0,Flash,BATCH-007
ORD-0707,2023-03-03,Skincare/Cosmetics,M,80,3.5,0,280.0,224.0,Flash,BATCH-024
ORD-0708,2023-03-21,เสื้อผ้าแฟชั่น,L,500,5.0,50,2550.0,2000.0,Flash,BATCH-027
ORD-0709,2023-03-15,Organic/Eco-friendly,L,80,5.0,0,400.0,320.0,J&T,BATCH-028
ORD-0710,2023-02-10,เสื้อผ้าแฟชั่น,M,200,3.5,50,750.0,560.0,J&T,BATCH-007
ORD-0711,2023-10-04,Skincare/Cosmetics,M,500,3.5,100,1850.0,1400.0,Flash,BATCH-004
ORD-0712,2023-10-25,เสื้อผ้าแฟชั่น,M,100,3.5,50,400.0,280.0,ไปรษณีย์ไทย,BATCH-038
ORD-0713,2023-08-03,Organic/Eco-friendly,M,300,3.5,50,1100.0,840.0,ไปรษณีย์ไทย,BATCH-010
ORD-0714,2023-06-29,Organic/Eco-friendly,M,500,3.5,40,1790.0,1400.0,J&T,BATCH-038
ORD-0715,2023-01-29,Organic/Eco-friendly,S,50,2.5,0,125.0,100.0,J&T,BATCH-006
ORD-0716,2023-05-28,Organic/Eco-friendly,L,150,5.0,50,800.0,600.0,Flash,BATCH-008
ORD-0717,2023-04-12,เสื้อผ้าแฟชั่น,S,150,2.5,100,475.0,300.0,Flash,BATCH-003
ORD-0718,2023-01-24,Skincare/Cosmetics,L,500,5.0,0,2500.0,2000.0,Flash,BATCH-019
ORD-0719,2023-02-09,Organic/Eco-friendly,M,500,3.5,50,1800.0,1400.0,J&T,BATCH-029
ORD-0720,2023-04-18,เสื้อผ้าแฟชั่น,S,200,2.5,100,600.0,400.0,Flash,BATCH-038
ORD-0721,2023-05-24,เสื้อผ้าแฟชั่น,L,500,5.0,40,2540.0,2000.0,ไปรษณีย์ไทย,BATCH-029
ORD-0722,2023-07-15,เสื้อผ้าแฟชั่น,S,80,2.5,0,200.0,160.0,ไปรษณีย์ไทย,BATCH-014
ORD-0723,2023-03-11,Skincare/Cosmetics,L,50,5.0,0,250.0,200.0,J&T,BATCH-033
ORD-0724,2023-10-23,Skincare/Cosmetics,S,500,2.5,100,1350.0,1000.0,J&T,BATCH-040
ORD-0725,2023-07-21,Skincare/Cosmetics,M,200,3.5,100,800.0,560.0,Flash,BATCH-026
ORD-0726,2023-01-09,Organic/Eco-friendly,M,100,3.5,50,400.0,280.0,Flash,BATCH-050
ORD-0727,2023-03-01,เสื้อผ้าแฟชั่น,S,50,2.5,0,125.0,100.0,J&T,BATCH-027
ORD-0728,2023-01-26,Skincare/Cosmetics,M,80,3.5,0,280.0,224.0,ไปรษณีย์ไทย,BATCH-009
ORD-0729,2023-02-08,เสื้อผ้าแฟชั่น,S,300,2.5,50,800.0,600.0,Flash,BATCH-035
ORD-0730,2023-09-29,Organic/Eco-friendly,M,500,3.5,0,1750.0,1400.0,J&T,BATCH-037
ORD-0731,2023-05-03,Skincare/Cosmetics,S,200,2.5,50,550.0,400.0,J&T,BATCH-022
ORD-0732,2023-06-11,เสื้อผ้าแฟชั่น,M,300,3.5,0,1050.0,840.0,J&T,BATCH-044
ORD-0733,2023-08-08,Organic/Eco-friendly,S,150,2.5,40,415.0,300.0,Flash,BATCH-028
ORD-0734,2023-03-26,Skincare/Cosmetics,L,200,5.0,50,1050.0,800.0,Flash,BATCH-031
ORD-0735,2023-08-26,Organic/Eco-friendly,M,80,3.5,0,280.0,224.0,ไปรษณีย์ไทย,BATCH-039
ORD-0736,2023-02-05,เสื้อผ้าแฟชั่น,L,80,5.0,0,400.0,320.0,ไปรษณีย์ไทย,BATCH-040
ORD-0737,2023-06-08,Skincare/Cosmetics,M,200,3.5,100,800.0,560.0,Flash,BATCH-016
ORD-0738,2023-10-23,เสื้อผ้าแฟชั่น,S,50,2.5,0,125.0,100.0,J&T,BATCH-040
ORD-0739,2023-02-26,Skincare/Cosmetics,M,100,3.5,0,350.0,280.0,Flash,BATCH-031
ORD-0740,2023-08-05,Skincare/Cosmetics,M,80,3.5,0,280.0,224.0,Flash,BATCH-048
ORD-0741,2023-06-17,เสื้อผ้าแฟชั่น,M,80,3.5,0,280.0,224.0,Flash,BATCH-004
ORD-0742,2023-08-25,Organic/Eco-friendly,S,300,2.5,0,750.0,600.0,Flash,BATCH-001
ORD-0743,2023-09-13,Skincare/Cosmetics,L,300,5.0,100,1600.0,1200.0,Flash,BATCH-043
ORD-0744,2023-10-24,เสื้อผ้าแฟชั่น,M,80,3.5,0,280.0,224.0,J&T,BATCH-011
ORD-0745,2023-10-08,เสื้อผ้าแฟชั่น,M,300,3.5,0,1050.0,840.0,Flash,BATCH-006
ORD-0746,2023-06-27,Organic/Eco-friendly,L,200,5.0,0,1000.0,800.0,Flash,BATCH-048
ORD-0747,2023-05-11,เสื้อผ้าแฟชั่น,S,200,2.5,0,500.0,400.0,ไปรษณีย์ไทย,BATCH-032
ORD-0748,2023-09-15,เสื้อผ้าแฟชั่น,M,80,3.5,0,280.0,224.0,Flash,BATCH-036
ORD-0749,2023-06-24,Skincare/Cosmetics,M,150,3.5,0,525.0,420.0,Flash,BATCH-041
ORD-0750,2023-05-08,Organic/Eco-friendly,M,300,3.5,0,1050.0,840.0,ไปรษณีย์ไทย,BATCH-006
ORD-0751,2023-07-17,Organic/Eco-friendly,L,300,5.0,0,1500.0,1200.0,ไปรษณีย์ไทย,BATCH-008
ORD-0752,2023-09-03,Skincare/Cosmetics,L,300,5.0,40,1540.0,1200.0,J&T,BATCH-028
ORD-0753,2023-09-28,เสื้อผ้าแฟชั่น,S,200,2.5,50,550.0,400.0,J&T,BATCH-027
ORD-0754,2023-03-16,Skincare/Cosmetics,L,80,5.0,0,400.0,320.0,Flash,BATCH-010
ORD-0755,2023-08-07,เสื้อผ้าแฟชั่น,L,300,5.0,0,1500.0,1200.0,ไปรษณีย์ไทย,BATCH-021
ORD-0756,2023-10-13,เสื้อผ้าแฟชั่น,M,150,3.5,40,565.0,420.0,ไปรษณีย์ไทย,BATCH-047
ORD-0757,2023-05-03,Skincare/Cosmetics,L,200,5.0,100,1100.0,800.0,ไปรษณีย์ไทย,BATCH-024
ORD-0758,2023-01-18,Organic/Eco-friendly,S,50,2.5,0,125.0,100.0,Flash,BATCH-002
ORD-0759,2023-03-18,Skincare/Cosmetics,M,300,3.5,100,1150.0,840.0,Flash,BATCH-028
ORD-0760,2023-10-14,เสื้อผ้าแฟชั่น,L,200,5.0,100,1100.0,800.0,ไปรษณีย์ไทย,BATCH-046
ORD-0761,2023-01-09,Skincare/Cosmetics,M,300,3.5,100,1150.0,840.0,Flash,BATCH-044
ORD-0762,2023-02-24,Organic/Eco-friendly,M,50,3.5,0,175.0,140.0,J&T,BATCH-019
ORD-0763,2023-04-30,Organic/Eco-friendly,M,100,3.5,0,350.0,280.0,ไปรษณีย์ไทย,BATCH-013
ORD-0764,2023-09-17,Organic/Eco-friendly,M,50,3.5,0,175.0,140.0,Flash,BATCH-039
ORD-0765,2023-03-24,เสื้อผ้าแฟชั่น,M,200,3.5,40,740.0,560.0,ไปรษณีย์ไทย,BATCH-035
ORD-0766,2023-07-09,Skincare/Cosmetics,M,80,3.5,0,280.0,224.0,J&T,BATCH-045
ORD-0767,2023-04-24,Skincare/Cosmetics,S,200,2.5,100,600.0,400.0,J&T,BATCH-024
ORD-0768,2023-05-16,Skincare/Cosmetics,L,200,5.0,0,1000.0,800.0,Flash,BATCH-022
ORD-0769,2023-02-13,เสื้อผ้าแฟชั่น,M,100,3.5,100,450.0,280.0,ไปรษณีย์ไทย,BATCH-046
ORD-0770,2023-04-27,เสื้อผ้าแฟชั่น,M,300,3.5,100,1150.0,840.0,Flash,BATCH-019
ORD-0771,2023-03-04,Organic/Eco-friendly,S,100,2.5,0,250.0,200.0,J&T,BATCH-017
ORD-0772,2023-06-15,Organic/Eco-friendly,L,300,5.0,40,1540.0,1200.0,ไปรษณีย์ไทย,BATCH-025
ORD-0773,2023-06-29,Skincare/Cosmetics,S,300,2.5,50,800.0,600.0,ไปรษณีย์ไทย,BATCH-033
ORD-0774,2023-10-23,เสื้อผ้าแฟชั่น,L,50,5.0,0,250.0,200.0,J&T,BATCH-023
ORD-0775,2023-08-22,Skincare/Cosmetics,S,150,2.5,100,475.0,300.0,Flash,BATCH-037
ORD-0776,2023-06-13,เสื้อผ้าแฟชั่น,M,200,3.5,0,700.0,560.0,J&T,BATCH-015
ORD-0777,2023-08-30,Organic/Eco-friendly,L,100,5.0,0,500.0,400.0,ไปรษณีย์ไทย,BATCH-025
ORD-0778,2023-09-16,Organic/Eco-friendly,M,150,3.5,0,525.0,420.0,J&T,BATCH-041
ORD-0779,2023-01-27,เสื้อผ้าแฟชั่น,S,80,2.5,0,200.0,160.0,J&T,BATCH-045
ORD-0780,2023-05-30,Skincare/Cosmetics,L,200,5.0,0,1000.0,800.0,J&T,BATCH-031
ORD-0781,2023-06-21,Organic/Eco-friendly,L,200,5.0,0,1000.0,800.0,ไปรษณีย์ไทย,BATCH-009
ORD-0782,2023-09-11,เสื้อผ้าแฟชั่น,S,150,2.5,0,375.0,300.0,Flash,BATCH-012
ORD-0783,2023-03-07,Organic/Eco-friendly,L,80,5.0,0,400.0,320.0,Flash,BATCH-022
ORD-0784,2023-08-19,Skincare/Cosmetics,L,300,5.0,40,1540.0,1200.0,J&T,BATCH-038
ORD-0785,2023-02-14,เสื้อผ้าแฟชั่น,M,80,3.5,0,280.0,224.0,Flash,BATCH-021
ORD-0786,2023-08-18,Skincare/Cosmetics,M,300,3.5,40,1090.0,840.0,Flash,BATCH-012
ORD-0787,2023-09-12,Organic/Eco-friendly,S,100,2.5,50,300.0,200.0,Flash,BATCH-010
ORD-0788,2023-07-12,Skincare/Cosmetics,S,50,2.5,0,125.0,100.0,ไปรษณีย์ไทย,BATCH-046
ORD-0789,2023-04-13,Organic/Eco-friendly,S,300,2.5,0,750.0,600.0,J&T,BATCH-011
ORD-0790,2023-02-12,Skincare/Cosmetics,M,150,3.5,40,565.0,420.0,Flash,BATCH-018
ORD-0791,2023-01-31,Organic/Eco-friendly,S,500,2.5,40,1290.0,1000.0,J&T,BATCH-030
ORD-0792,2023-01-24,เสื้อผ้าแฟชั่น,M,500,3.5,100,1850.0,1400.0,J&T,BATCH-050
ORD-0793,2023-09-18,Organic/Eco-friendly,M,150,3.5,50,575.0,420.0,ไปรษณีย์ไทย,BATCH-043
ORD-0794,2023-05-06,Skincare/Cosmetics,L,80,5.0,0,400.0,320.0,ไปรษณีย์ไทย,BATCH-039
ORD-0795,2023-04-28,Skincare/Cosmetics,S,300,2.5,0,750.0,600.0,J&T,BATCH-031
ORD-0796,2023-03-06,เสื้อผ้าแฟชั่น,M,200,3.5,0,700.0,560.0,ไปรษณีย์ไทย,BATCH-038
ORD-0797,2023-02-01,Organic/Eco-friendly,S,80,2.5,0,200.0,160.0,ไปรษณีย์ไทย,BATCH-008
ORD-0798,2023-09-12,Organic/Eco-friendly,L,500,5.0,0,2500.0,2000.0,Flash,BATCH-032
ORD-0799,2023-01-08,เสื้อผ้าแฟชั่น,S,100,2.5,0,250.0,200.0,ไปรษณีย์ไทย,BATCH-040
ORD-0800,2023-01-02,Skincare/Cosmetics,M,100,3.5,50,400.0,280.0,J&T,BATCH-012
ORD-0801,2023-02-16,Organic/Eco-friendly,L,50,5.0,0,250.0,200.0,ไปรษณีย์ไทย,BATCH-025
ORD-0802,2023-06-25,เสื้อผ้าแฟชั่น,M,50,3.5,0,175.0,140.0,ไปรษณีย์ไทย,BATCH-033
ORD-0803,2023-08-29,เสื้อผ้าแฟชั่น,L,80,5.0,0,400.0,320.0,ไปรษณีย์ไทย,BATCH-042
ORD-0804,2023-04-14,เสื้อผ้าแฟชั่น,S,150,2.5,0,375.0,300.0,ไปรษณีย์ไทย,BATCH-026
ORD-0805,2023-04-05,Organic/Eco-friendly,L,300,5.0,40,1540.0,1200.0,J&T,BATCH-048
ORD-0806,2023-04-28,Skincare/Cosmetics,L,200,5.0,40,1040.0,800.0,J&T,BATCH-041
ORD-0807,2023-07-18,Skincare/Cosmetics,L,150,5.0,40,790.0,600.0,ไปรษณีย์ไทย,BATCH-038
ORD-0808,2023-09-18,Organic/Eco-friendly,M,50,3.5,0,175.0,140.0,Flash,BATCH-031
ORD-0809,2023-04-26,เสื้อผ้าแฟชั่น,S,500,2.5,50,1300.0,1000.0,ไปรษณีย์ไทย,BATCH-033
ORD-0810,2023-05-25,เสื้อผ้าแฟชั่น,S,150,2.5,50,425.0,300.0,ไปรษณีย์ไทย,BATCH-014
ORD-0811,2023-06-16,Skincare/Cosmetics,M,50,3.5,0,175.0,140.0,Flash,BATCH-045
ORD-0812,2023-10-14,Organic/Eco-friendly,M,200,3.5,0,700.0,560.0,Flash,BATCH-044
ORD-0813,2023-02-02,เสื้อผ้าแฟชั่น,M,500,3.5,100,1850.0,1400.0,ไปรษณีย์ไทย,BATCH-046
ORD-0814,2023-03-05,Skincare/Cosmetics,M,150,3.5,0,525.0,420.0,Flash,BATCH-011
ORD-0815,2023-04-05,Organic/Eco-friendly,L,100,5.0,40,540.0,400.0,Flash,BATCH-029
ORD-0816,2023-06-10,เสื้อผ้าแฟชั่น,S,500,2.5,40,1290.0,1000.0,ไปรษณีย์ไทย,BATCH-016
ORD-0817,2023-06-22,เสื้อผ้าแฟชั่น,S,500,2.5,50,1300.0,1000.0,ไปรษณีย์ไทย,BATCH-015
ORD-0818,2023-07-09,Organic/Eco-friendly,S,150,2.5,40,415.0,300.0,ไปรษณีย์ไทย,BATCH-017
ORD-0819,2023-05-05,Organic/Eco-friendly,S,300,2.5,40,790.0,600.0,ไปรษณีย์ไทย,BATCH-034
ORD-0820,2023-04-01,Skincare/Cosmetics,L,50,5.0,0,250.0,200.0,Flash,BATCH-015
ORD-0821,2023-04-07,Skincare/Cosmetics,S,500,2.5,0,1250.0,1000.0,Flash,BATCH-019
ORD-0822,2023-09-28,Skincare/Cosmetics,S,300,2.5,40,790.0,600.0,ไปรษณีย์ไทย,BATCH-001
ORD-0823,2023-08-14,Skincare/Cosmetics,S,50,2.5,0,125.0,100.0,Flash,BATCH-019
ORD-0824,2023-04-13,Organic/Eco-friendly,L,200,5.0,0,1000.0,800.0,J&T,BATCH-048
ORD-0825,2023-10-04,เสื้อผ้าแฟชั่น,S,150,2.5,0,375.0,300.0,J&T,BATCH-041
ORD-0826,2023-07-20,Skincare/Cosmetics,S,50,2.5,0,125.0,100.0,J&T,BATCH-030
ORD-0827,2023-09-21,เสื้อผ้าแฟชั่น,L,200,5.0,50,1050.0,800.0,J&T,BATCH-012
ORD-0828,2023-06-22,Organic/Eco-friendly,S,100,2.5,40,290.0,200.0,J&T,BATCH-006
ORD-0829,2023-04-01,Skincare/Cosmetics,S,100,2.5,100,350.0,200.0,ไปรษณีย์ไทย,BATCH-022
ORD-0830,2023-08-19,Organic/Eco-friendly,L,80,5.0,0,400.0,320.0,Flash,BATCH-040
ORD-0831,2023-08-09,เสื้อผ้าแฟชั่น,S,500,2.5,100,1350.0,1000.0,Flash,BATCH-004
ORD-0832,2023-02-10,Skincare/Cosmetics,S,150,2.5,100,475.0,300.0,ไปรษณีย์ไทย,BATCH-002
ORD-0833,2023-04-23,Organic/Eco-friendly,M,500,3.5,0,1750.0,1400.0,Flash,BATCH-010
ORD-0834,2023-09-16,Organic/Eco-friendly,M,80,3.5,0,280.0,224.0,ไปรษณีย์ไทย,BATCH-012
ORD-0835,2023-09-20,เสื้อผ้าแฟชั่น,M,200,3.5,0,700.0,560.0,Flash,BATCH-042
ORD-0836,2023-06-30,Skincare/Cosmetics,S,150,2.5,0,375.0,300.0,Flash,BATCH-027
ORD-0837,2023-06-01,Skincare/Cosmetics,S,80,2.5,0,200.0,160.0,Flash,BATCH-049
ORD-0838,2023-08-16,เสื้อผ้าแฟชั่น,L,150,5.0,0,750.0,600.0,ไปรษณีย์ไทย,BATCH-006
ORD-0839,2023-10-16,Skincare/Cosmetics,M,200,3.5,50,750.0,560.0,Flash,BATCH-033
ORD-0840,2023-08-31,Organic/Eco-friendly,L,300,5.0,0,1500.0,1200.0,Flash,BATCH-045
ORD-0841,2023-03-05,Skincare/Cosmetics,M,200,3.5,0,700.0,560.0,Flash,BATCH-021
ORD-0842,2023-03-07,เสื้อผ้าแฟชั่น,M,500,3.5,100,1850.0,1400.0,J&T,BATCH-042
ORD-0843,2023-09-06,Organic/Eco-friendly,M,80,3.5,0,280.0,224.0,Flash,BATCH-015
ORD-0844,2023-04-06,เสื้อผ้าแฟชั่น,S,100,2.5,40,290.0,200.0,ไปรษณีย์ไทย,BATCH-048
ORD-0845,2023-03-17,เสื้อผ้าแฟชั่น,L,150,5.0,50,800.0,600.0,J&T,BATCH-038
ORD-0846,2023-01-26,Skincare/Cosmetics,M,150,3.5,40,565.0,420.0,Flash,BATCH-003
ORD-0847,2023-06-13,Organic/Eco-friendly,S,80,2.5,0,200.0,160.0,Flash,BATCH-036
ORD-0848,2023-02-03,Skincare/Cosmetics,L,150,5.0,50,800.0,600.0,Flash,BATCH-017
ORD-0849,2023-08-09,เสื้อผ้าแฟชั่น,S,150,2.5,50,425.0,300.0,J&T,BATCH-010
ORD-0850,2023-09-06,เสื้อผ้าแฟชั่น,M,150,3.5,0,525.0,420.0,ไปรษณีย์ไทย,BATCH-044
ORD-0851,2023-06-12,เสื้อผ้าแฟชั่น,L,300,5.0,0,1500.0,1200.0,Flash,BATCH-037
ORD-0852,2023-10-07,Organic/Eco-friendly,L,200,5.0,100,1100.0,800.0,J&T,BATCH-005
ORD-0853,2023-10-01,Skincare/Cosmetics,M,150,3.5,0,525.0,420.0,Flash,BATCH-026
ORD-0854,2023-03-15,Organic/Eco-friendly,L,100,5.0,100,600.0,400.0,Flash,BATCH-041
ORD-0855,2023-01-09,Skincare/Cosmetics,M,150,3.5,40,565.0,420.0,Flash,BATCH-018
ORD-0856,2023-03-26,เสื้อผ้าแฟชั่น,M,200,3.5,100,800.0,560.0,J&T,BATCH-017
ORD-0857,2023-03-22,Organic/Eco-friendly,S,150,2.5,0,375.0,300.0,J&T,BATCH-017
ORD-0858,2023-01-24,Organic/Eco-friendly,S,200,2.5,40,540.0,400.0,Flash,BATCH-004
ORD-0859,2023-05-02,Skincare/Cosmetics,S,300,2.5,40,790.0,600.0,J&T,BATCH-032
ORD-0860,2023-07-04,Skincare/Cosmetics,S,100,2.5,50,300.0,200.0,Flash,BATCH-044
ORD-0861,2023-01-25,เสื้อผ้าแฟชั่น,M,150,3.5,40,565.0,420.0,Flash,BATCH-032
ORD-0862,2023-08-17,Organic/Eco-friendly,S,100,2.5,100,350.0,200.0,J&T,BATCH-041
ORD-0863,2023-02-23,Skincare/Cosmetics,S,300,2.5,50,800.0,600.0,ไปรษณีย์ไทย,BATCH-031
ORD-0864,2023-06-10,Skincare/Cosmetics,S,300,2.5,50,800.0,600.0,J&T,BATCH-020
ORD-0865,2023-02-20,Organic/Eco-friendly,L,100,5.0,50,550.0,400.0,J&T,BATCH-034
ORD-0866,2023-05-18,Organic/Eco-friendly,M,50,3.5,0,175.0,140.0,Flash,BATCH-049
ORD-0867,2023-02-10,Organic/Eco-friendly,L,100,5.0,50,550.0,400.0,Flash,BATCH-047
ORD-0868,2023-08-02,Organic/Eco-friendly,M,200,3.5,100,800.0,560.0,ไปรษณีย์ไทย,BATCH-004
ORD-0869,2023-05-02,Skincare/Cosmetics,S,200,2.5,50,550.0,400.0,Flash,BATCH-041
ORD-0870,2023-02-21,Organic/Eco-friendly,L,80,5.0,0,400.0,320.0,Flash,BATCH-030
ORD-0871,2023-05-13,Organic/Eco-friendly,L,80,5.0,0,400.0,320.0,Flash,BATCH-010
ORD-0872,2023-01-17,เสื้อผ้าแฟชั่น,L,200,5.0,0,1000.0,800.0,ไปรษณีย์ไทย,BATCH-039
ORD-0873,2023-08-29,เสื้อผ้าแฟชั่น,M,300,3.5,0,1050.0,840.0,J&T,BATCH-013
ORD-0874,2023-01-02,Organic/Eco-friendly,M,50,3.5,0,175.0,140.0,ไปรษณีย์ไทย,BATCH-023
ORD-0875,2023-09-29,Organic/Eco-friendly,L,50,5.0,0,250.0,200.0,ไปรษณีย์ไทย,BATCH-047
ORD-0876,2023-07-15,Organic/Eco-friendly,S,50,2.5,0,125.0,100.0,ไปรษณีย์ไทย,BATCH-008
ORD-0877,2023-03-14,Organic/Eco-friendly,M,300,3.5,100,1150.0,840.0,Flash,BATCH-039
ORD-0878,2023-07-26,เสื้อผ้าแฟชั่น,L,100,5.0,40,540.0,400.0,ไปรษณีย์ไทย,BATCH-032
ORD-0879,2023-07-20,Organic/Eco-friendly,L,50,5.0,0,250.0,200.0,ไปรษณีย์ไทย,BATCH-034
ORD-0880,2023-06-11,Organic/Eco-friendly,M,500,3.5,100,1850.0,1400.0,Flash,BATCH-022
ORD-0881,2023-07-02,เสื้อผ้าแฟชั่น,L,50,5.0,0,250.0,200.0,Flash,BATCH-028
ORD-0882,2023-09-25,Skincare/Cosmetics,M,200,3.5,50,750.0,560.0,Flash,BATCH-027
ORD-0883,2023-01-07,เสื้อผ้าแฟชั่น,L,150,5.0,100,850.0,600.0,ไปรษณีย์ไทย,BATCH-013
ORD-0884,2023-10-18,Skincare/Cosmetics,M,150,3.5,0,525.0,420.0,Flash,BATCH-030
ORD-0885,2023-09-17,เสื้อผ้าแฟชั่น,M,300,3.5,0,1050.0,840.0,Flash,BATCH-044
ORD-0886,2023-05-04,เสื้อผ้าแฟชั่น,M,200,3.5,40,740.0,560.0,Flash,BATCH-026
ORD-0887,2023-08-22,Skincare/Cosmetics,L,100,5.0,100,600.0,400.0,Flash,BATCH-014
ORD-0888,2023-03-16,เสื้อผ้าแฟชั่น,L,500,5.0,0,2500.0,2000.0,J&T,BATCH-043
ORD-0889,2023-06-13,Skincare/Cosmetics,M,300,3.5,100,1150.0,840.0,J&T,BATCH-020
ORD-0890,2023-02-26,เสื้อผ้าแฟชั่น,L,50,5.0,0,250.0,200.0,J&T,BATCH-018
ORD-0891,2023-03-01,Skincare/Cosmetics,M,80,3.5,0,280.0,224.0,J&T,BATCH-014
ORD-0892,2023-07-15,Skincare/Cosmetics,M,150,3.5,40,565.0,420.0,ไปรษณีย์ไทย,BATCH-048
ORD-0893,2023-01-25,เสื้อผ้าแฟชั่น,S,50,2.5,0,125.0,100.0,ไปรษณีย์ไทย,BATCH-041
ORD-0894,2023-02-15,Skincare/Cosmetics,M,300,3.5,0,1050.0,840.0,Flash,BATCH-011
ORD-0895,2023-09-11,Skincare/Cosmetics,S,100,2.5,50,300.0,200.0,J&T,BATCH-022
ORD-0896,2023-10-26,Skincare/Cosmetics,L,100,5.0,100,600.0,400.0,ไปรษณีย์ไทย,BATCH-029
ORD-0897,2023-09-23,เสื้อผ้าแฟชั่น,L,50,5.0,0,250.0,200.0,ไปรษณีย์ไทย,BATCH-024
ORD-0898,2023-01-07,Skincare/Cosmetics,L,100,5.0,50,550.0,400.0,J&T,BATCH-021
ORD-0899,2023-05-25,Skincare/Cosmetics,M,500,3.5,100,1850.0,1400.0,J&T,BATCH-007
ORD-0900,2023-06-18,เสื้อผ้าแฟชั่น,M,150,3.5,50,575.0,420.0,ไปรษณีย์ไทย,BATCH-047
ORD-0901,2023-10-01,Organic/Eco-friendly,L,80,5.0,0,400.0,320.0,ไปรษณีย์ไทย,BATCH-046
ORD-0902,2023-03-07,Organic/Eco-friendly,L,200,5.0,40,1040.0,800.0,Flash,BATCH-026
ORD-0903,2023-10-09,เสื้อผ้าแฟชั่น,L,200,5.0,0,1000.0,800.0,ไปรษณีย์ไทย,BATCH-014
ORD-0904,2023-01-03,เสื้อผ้าแฟชั่น,S,500,2.5,100,1350.0,1000.0,ไปรษณีย์ไทย,BATCH-044
ORD-0905,2023-07-29,Skincare/Cosmetics,S,300,2.5,50,800.0,600.0,J&T,BATCH-036
ORD-0906,2023-05-23,Skincare/Cosmetics,L,200,5.0,100,1100.0,800.0,ไปรษณีย์ไทย,BATCH-027
ORD-0907,2023-09-27,Skincare/Cosmetics,M,300,3.5,50,1100.0,840.0,Flash,BATCH-049
ORD-0908,2023-03-15,เสื้อผ้าแฟชั่น,S,100,2.5,40,290.0,200.0,Flash,BATCH-046
ORD-0909,2023-07-15,Organic/Eco-friendly,M,500,3.5,0,1750.0,1400.0,ไปรษณีย์ไทย,BATCH-018
ORD-0910,2023-05-21,Organic/Eco-friendly,L,80,5.0,0,400.0,320.0,J&T,BATCH-020
ORD-0911,2023-07-12,Skincare/Cosmetics,M,500,3.5,50,1800.0,1400.0,J&T,BATCH-021
ORD-0912,2023-07-31,Skincare/Cosmetics,S,200,2.5,0,500.0,400.0,ไปรษณีย์ไทย,BATCH-028
ORD-0913,2023-04-29,Organic/Eco-friendly,S,500,2.5,50,1300.0,1000.0,Flash,BATCH-040
ORD-0914,2023-07-02,Skincare/Cosmetics,S,80,2.5,0,200.0,160.0,ไปรษณีย์ไทย,BATCH-026
ORD-0915,2023-09-08,Organic/Eco-friendly,S,300,2.5,0,750.0,600.0,ไปรษณีย์ไทย,BATCH-026
ORD-0916,2023-09-18,Organic/Eco-friendly,S,80,2.5,0,200.0,160.0,ไปรษณีย์ไทย,BATCH-017
ORD-0917,2023-08-01,เสื้อผ้าแฟชั่น,S,50,2.5,0,125.0,100.0,J&T,BATCH-030
ORD-0918,2023-09-06,Skincare/Cosmetics,L,50,5.0,0,250.0,200.0,ไปรษณีย์ไทย,BATCH-044
ORD-0919,2023-02-09,Skincare/Cosmetics,M,80,3.5,0,280.0,224.0,ไปรษณีย์ไทย,BATCH-018
ORD-0920,2023-06-21,Skincare/Cosmetics,L,100,5.0,50,550.0,400.0,J&T,BATCH-006
ORD-0921,2023-07-27,Organic/Eco-friendly,M,80,3.5,0,280.0,224.0,J&T,BATCH-005
ORD-0922,2023-07-05,เสื้อผ้าแฟชั่น,S,80,2.5,0,200.0,160.0,Flash,BATCH-045
ORD-0923,2023-06-18,Organic/Eco-friendly,M,80,3.5,0,280.0,224.0,Flash,BATCH-020
ORD-0924,2023-09-26,Skincare/Cosmetics,S,300,2.5,100,850.0,600.0,ไปรษณีย์ไทย,BATCH-044
ORD-0925,2023-03-22,เสื้อผ้าแฟชั่น,L,200,5.0,0,1000.0,800.0,Flash,BATCH-013
ORD-0926,2023-06-18,เสื้อผ้าแฟชั่น,M,50,3.5,0,175.0,140.0,J&T,BATCH-023
ORD-0927,2023-02-13,Organic/Eco-friendly,L,150,5.0,100,850.0,600.0,J&T,BATCH-048
ORD-0928,2023-06-10,Skincare/Cosmetics,L,300,5.0,100,1600.0,1200.0,ไปรษณีย์ไทย,BATCH-023
ORD-0929,2023-06-30,Organic/Eco-friendly,L,50,5.0,0,250.0,200.0,Flash,BATCH-003
ORD-0930,2023-03-11,Organic/Eco-friendly,S,300,2.5,0,750.0,600.0,Flash,BATCH-045
ORD-0931,2023-02-19,Skincare/Cosmetics,L,150,5.0,50,800.0,600.0,ไปรษณีย์ไทย,BATCH-021
ORD-0932,2023-07-10,เสื้อผ้าแฟชั่น,M,200,3.5,40,740.0,560.0,J&T,BATCH-040
ORD-0933,2023-05-10,Skincare/Cosmetics,M,50,3.5,0,175.0,140.0,ไปรษณีย์ไทย,BATCH-013
ORD-0934,2023-08-26,Skincare/Cosmetics,S,150,2.5,100,475.0,300.0,ไปรษณีย์ไทย,BATCH-041
ORD-0935,2023-05-20,Organic/Eco-friendly,S,80,2.5,0,200.0,160.0,Flash,BATCH-047
ORD-0936,2023-05-31,Skincare/Cosmetics,M,150,3.5,50,575.0,420.0,J&T,BATCH-009
ORD-0937,2023-07-15,Skincare/Cosmetics,L,100,5.0,100,600.0,400.0,ไปรษณีย์ไทย,BATCH-034
ORD-0938,2023-03-14,เสื้อผ้าแฟชั่น,L,500,5.0,0,2500.0,2000.0,ไปรษณีย์ไทย,BATCH-023
ORD-0939,2023-07-06,Skincare/Cosmetics,L,150,5.0,40,790.0,600.0,ไปรษณีย์ไทย,BATCH-013
ORD-0940,2023-02-21,Skincare/Cosmetics,L,200,5.0,50,1050.0,800.0,ไปรษณีย์ไทย,BATCH-012
ORD-0941,2023-03-23,Skincare/Cosmetics,L,200,5.0,0,1000.0,800.0,Flash,BATCH-026
ORD-0942,2023-06-28,Skincare/Cosmetics,L,80,5.0,0,400.0,320.0,ไปรษณีย์ไทย,BATCH-035
ORD-0943,2023-10-26,Organic/Eco-friendly,S,150,2.5,50,425.0,300.0,ไปรษณีย์ไทย,BATCH-033
ORD-0944,2023-09-10,Skincare/Cosmetics,M,200,3.5,50,750.0,560.0,J&T,BATCH-038
ORD-0945,2023-10-07,Skincare/Cosmetics,L,50,5.0,0,250.0,200.0,ไปรษณีย์ไทย,BATCH-024
ORD-0946,2023-04-11,Skincare/Cosmetics,M,150,3.5,100,625.0,420.0,J&T,BATCH-010
ORD-0947,2023-05-29,Organic/Eco-friendly,L,50,5.0,0,250.0,200.0,Flash,BATCH-030
ORD-0948,2023-02-19,Skincare/Cosmetics,S,100,2.5,50,300.0,200.0,Flash,BATCH-003
ORD-0949,2023-09-26,Skincare/Cosmetics,M,50,3.5,0,175.0,140.0,ไปรษณีย์ไทย,BATCH-036
ORD-0950,2023-09-02,Skincare/Cosmetics,M,200,3.5,100,800.0,560.0,J&T,BATCH-041
ORD-0951,2023-10-02,เสื้อผ้าแฟชั่น,L,80,5.0,0,400.0,320.0,Flash,BATCH-041
ORD-0952,2023-06-24,เสื้อผ้าแฟชั่น,S,500,2.5,100,1350.0,1000.0,J&T,BATCH-038
ORD-0953,2023-09-12,Organic/Eco-friendly,L,300,5.0,40,1540.0,1200.0,J&T,BATCH-028
ORD-0954,2023-06-14,Skincare/Cosmetics,M,300,3.5,50,1100.0,840.0,Flash,BATCH-018
ORD-0955,2023-03-09,เสื้อผ้าแฟชั่น,M,500,3.5,0,1750.0,1400.0,Flash,BATCH-044
ORD-0956,2023-05-31,เสื้อผ้าแฟชั่น,S,500,2.5,50,1300.0,1000.0,J&T,BATCH-024
ORD-0957,2023-06-29,เสื้อผ้าแฟชั่น,M,200,3.5,50,750.0,560.0,ไปรษณีย์ไทย,BATCH-045
ORD-0958,2023-10-11,Organic/Eco-friendly,S,50,2.5,0,125.0,100.0,Flash,BATCH-015
ORD-0959,2023-10-07,Skincare/Cosmetics,L,300,5.0,100,1600.0,1200.0,J&T,BATCH-020
ORD-0960,2023-10-24,Organic/Eco-friendly,S,150,2.5,40,415.0,300.0,J&T,BATCH-048
ORD-0961,2023-06-20,Skincare/Cosmetics,M,100,3.5,50,400.0,280.0,Flash,BATCH-048
ORD-0962,2023-04-21,Skincare/Cosmetics,L,100,5.0,50,550.0,400.0,J&T,BATCH-008
ORD-0963,2023-07-03,เสื้อผ้าแฟชั่น,S,300,2.5,100,850.0,600.0,Flash,BATCH-031
ORD-0964,2023-04-11,เสื้อผ้าแฟชั่น,M,100,3.5,40,390.0,280.0,J&T,BATCH-005
ORD-0965,2023-08-28,Organic/Eco-friendly,M,300,3.5,100,1150.0,840.0,ไปรษณีย์ไทย,BATCH-010
ORD-0966,2023-05-22,เสื้อผ้าแฟชั่น,L,300,5.0,50,1550.0,1200.0,Flash,BATCH-028
ORD-0967,2023-07-01,เสื้อผ้าแฟชั่น,S,500,2.5,100,1350.0,1000.0,J&T,BATCH-025
ORD-0968,2023-10-26,Skincare/Cosmetics,M,200,3.5,0,700.0,560.0,J&T,BATCH-042
ORD-0969,2023-02-18,เสื้อผ้าแฟชั่น,M,80,3.5,0,280.0,224.0,ไปรษณีย์ไทย,BATCH-001
ORD-0970,2023-10-10,เสื้อผ้าแฟชั่น,L,80,5.0,0,400.0,320.0,Flash,BATCH-047
ORD-0971,2023-02-14,เสื้อผ้าแฟชั่น,L,200,5.0,40,1040.0,800.0,Flash,BATCH-033
ORD-0972,2023-04-02,เสื้อผ้าแฟชั่น,M,50,3.5,0,175.0,140.0,J&T,BATCH-020
ORD-0973,2023-08-19,Skincare/Cosmetics,L,200,5.0,0,1000.0,800.0,Flash,BATCH-015
ORD-0974,2023-03-02,Skincare/Cosmetics,L,150,5.0,0,750.0,600.0,Flash,BATCH-046
ORD-0975,2023-03-20,เสื้อผ้าแฟชั่น,L,80,5.0,0,400.0,320.0,J&T,BATCH-041
ORD-0976,2023-04-16,Skincare/Cosmetics,S,200,2.5,50,550.0,400.0,Flash,BATCH-050
ORD-0977,2023-08-23,Skincare/Cosmetics,L,150,5.0,40,790.0,600.0,J&T,BATCH-040
ORD-0978,2023-07-16,Organic/Eco-friendly,L,50,5.0,0,250.0,200.0,Flash,BATCH-046
ORD-0979,2023-02-02,Skincare/Cosmetics,L,300,5.0,100,1600.0,1200.0,ไปรษณีย์ไทย,BATCH-037
ORD-0980,2023-04-21,เสื้อผ้าแฟชั่น,L,50,5.0,0,250.0,200.0,Flash,BATCH-030
ORD-0981,2023-09-13,เสื้อผ้าแฟชั่น,S,100,2.5,50,300.0,200.0,Flash,BATCH-020
ORD-0982,2023-02-01,Skincare/Cosmetics,S,50,2.5,0,125.0,100.0,ไปรษณีย์ไทย,BATCH-034
ORD-0983,2023-03-07,Organic/Eco-friendly,S,80,2.5,0,200.0,160.0,ไปรษณีย์ไทย,BATCH-002
ORD-0984,2023-07-19,เสื้อผ้าแฟชั่น,M,500,3.5,40,1790.0,1400.0,ไปรษณีย์ไทย,BATCH-035
ORD-0985,2023-03-03,Skincare/Cosmetics,M,300,3.5,0,1050.0,840.0,J&T,BATCH-048
ORD-0986,2023-04-09,Skincare/Cosmetics,M,500,3.5,40,1790.0,1400.0,J&T,BATCH-006
ORD-0987,2023-05-21,Skincare/Cosmetics,S,100,2.5,0,250.0,200.0,J&T,BATCH-018
ORD-0988,2023-10-15,Organic/Eco-friendly,L,80,5.0,0,400.0,320.0,J&T,BATCH-041
ORD-0989,2023-07-07,Skincare/Cosmetics,S,50,2.5,0,125.0,100.0,J&T,BATCH-006
ORD-0990,2023-04-28,เสื้อผ้าแฟชั่น,S,200,2.5,40,540.0,400.0,Flash,BATCH-028
ORD-0991,2023-09-27,Organic/Eco-friendly,S,50,2.5,0,125.0,100.0,ไปรษณีย์ไทย,BATCH-023
ORD-0992,2023-03-09,เสื้อผ้าแฟชั่น,M,80,3.5,0,280.0,224.0,J&T,BATCH-019
ORD-0993,2023-03-26,เสื้อผ้าแฟชั่น,L,300,5.0,40,1540.0,1200.0,J&T,BATCH-048
ORD-0994,2023-01-21,Organic/Eco-friendly,L,50,5.0,0,250.0,200.0,J&T,BATCH-022
ORD-0995,2023-01-01,Organic/Eco-friendly,L,100,5.0,100,600.0,400.0,Flash,BATCH-032
ORD-0996,2023-03-08,Skincare/Cosmetics,S,200,2.5,40,540.0,400.0,ไปรษณีย์ไทย,BATCH-046
ORD-0997,2023-01-31,เสื้อผ้าแฟชั่น,S,200,2.5,0,500.0,400.0,ไปรษณีย์ไทย,BATCH-048
ORD-0998,2023-04-01,Skincare/Cosmetics,L,80,5.0,0,400.0,320.0,J&T,BATCH-025
ORD-0999,2023-02-01,Skincare/Cosmetics,M,150,3.5,40,565.0,420.0,J&T,BATCH-017
ORD-1000,2023-05-15,Organic/Eco-friendly,M,80,3.5,0,280.0,224.0,Flash,BATCH-035
